,index,cluster,x,y
0,A2IBPI20UZIR0U,4,3.734939461647256,6.9899492017183835
1,A14VAT5EAX3D9S,4,0.9034108370571405,-1.5667771874694303
2,A195EZSQDW3E21,3,-6.124872605665295,-3.588880331924647
3,A2C00NNG1ZQQG2,3,-4.090719215682856,-2.6833205092704575
4,A94QU4C90B1AX,3,-2.7233736863015943,-1.8503179704721269
5,A2A039TZMZHH9Y,3,-1.4409842797857173,3.253165467306621
6,A1UPZM995ZAH90,4,-0.13343352929798405,2.4019124095574127
7,AJNFQI3YR6XJ5,0,-6.079869585079231,7.650993040348683
8,A3M1PLEYNDEYO8,1,18.758567183010005,2.267384694348056
9,AMNTZU1YQN1TH,4,5.533383943324466,-0.4615430867359597
10,A2NYK9KWFMJV4Y,1,3.8388435138779746,2.191619891785777
11,A35QFQI0M46LWO,4,3.3060733212466955,-1.0810625694547258
12,A2NIT6BKW11XJQ,4,0.4102102275045938,-1.761727644655015
13,A1C0O09LOLVI39,4,5.19637977096952,-0.865869337358089
14,A17SLR18TUMULM,4,0.27023495920016627,-1.7873570785690676
15,A2PD27UKAD3Q00,4,1.4865327607777281,0.5866162005616867
16,AKSFZ4G1AXYFC,3,-1.6407068151534288,-2.1876128489379543
17,A67OJZLHBBUQ9,3,-5.848784902485865,0.9656443451442651
18,A2EZWZ8MBEDOLN,2,-5.87200326283264,48.85355813906049
19,A1CL807EOUPVP1,1,5.801978523587982,13.730569948896921
20,A1GMWTGXW682GB,1,12.848615233852234,20.2385970635805
21,A2G12DY50U700V,4,5.101782225125508,-0.555591111036338
22,A3E0CF25A7LD2,4,3.309533256118915,-0.9531876806648095
23,A2W3CLAYZLDPTV,3,-2.4247146914832127,-2.2572767265446627
24,A398X9POBHK69N,3,-2.4208785408175513,-2.0909167464441176
25,AXWB93VKVML6K,3,-3.305229980623543,-2.40443437792022
26,A2FZ4Z0UFA1OR8,4,3.432169186404841,-1.13237314934062
27,AXP9CF1UTFRSU,4,0.27579510568582083,-1.6242162588771725
28,A2CCGGDGZ694CT,4,1.481411095218059,2.705246145786659
29,A27DR1VO079F1V,0,-2.8223600221773393,6.139391411721727
30,A1LQC225SE8UNI,1,21.350787890875107,3.0029876424759596
31,AU9BPT3Y3K6J4,3,-5.5130751781064165,-2.8891363219121295
32,A14Z9LAETO21KL,3,-2.949264623887946,-0.2141740328610415
33,A2074KEJGRYJV4,3,-1.7672503951193463,-2.01249343145419
34,A7TRK2GG6BHWD,3,-5.676226578120965,-3.12319707376556
35,A319B090A2POEB,3,-5.829471608865309,-2.621377919819976
36,A396ELNTQDFYPO,3,-3.607110752455875,-2.671539513716831
37,A17CU1D2CWXOHB,0,-2.669163076228484,4.747475001603667
38,A1S0HTDO0P4N5V,3,-5.737916710695302,-3.144633182837521
39,A3DWQW2L39RB1S,3,-5.495076162198876,-2.878750694879584
40,AQQ91U1U4YKDF,3,-1.7201785365474933,-2.0871959663803294
41,AA5TINW2RJ195,3,-0.9921806067416276,-1.7679924535303502
42,ABC68JUCPTVOE,3,-0.9597206704502704,-1.892074338119148
43,A3W2E6S24BTXXK,4,0.3578706349146224,-1.578861373765146
44,A3872Y2XH0YDX1,4,-0.19671277660207032,0.41634976708131327
45,A13A81NN0NRD1S,0,-1.5213987331234027,8.33329722706258
46,A1EUO0BU72JR7T,1,14.696036776629166,1.6642836705916817
47,A1H4WSC8JWS59N,4,0.48561578249255444,-1.541502425510607
48,A3OXHLG6DIBRW8,1,7.735843283247348,5.281697463427473
49,A12ABV9NU02O29,0,-7.1980626984638025,6.346737549753104
50,A2U1Z3TZ4P76JB,3,-1.0803689260310958,-1.2526648932809674
51,A1L7M2JXN4EZCR,1,5.261758605782769,6.0414442412263805
52,A37A41GWQFMK3D,1,14.28737253815311,5.84795259642691
53,A2JK2ITE138P7Z,4,3.892636473010243,-0.813422159064683
54,A1DVUFG2QSJ6IK,1,14.41006154837819,9.726624206342043
55,A34VZEFXQJJ7AT,4,0.3402753455958931,-1.627453967782717
56,A1SD1C8XK3Z3V1,1,14.202634922679888,11.6002809970632
57,AKHWZ3S1UVZAO,1,16.243498586681852,1.6918728279607407
58,A3LNNEYLGGCO25,3,-2.3648416863758754,-2.0787026467242997
59,AMACM7BGUQCZD,3,-3.8994430698368734,-2.39810025900416
60,A38HMS5RYSYF8G,3,-0.2678292374047535,-1.7765355929593571
61,A6D91KPQGIDKZ,3,-2.647886211055875,-1.6440484839270126
62,A2RCCN4KEXZGC8,3,-0.9026633336711769,-1.2479565794061929
63,A3GAP455S8YH0M,4,0.8787184280550483,-1.5711967517933374
64,A1N06X05VZWO5Y,0,-2.7880999285169445,6.193418719048208
65,A3TA1UJWRJF9NC,4,3.217350634645351,-1.0121234874333531
66,A3VPISTBNS66C5,3,-1.2431493225018055,-1.302162345649875
67,A1E5FQZTUM8OC1,4,1.8708411438802743,-1.4581692204883945
68,A3MYWHYZ30WLQJ,3,-2.6106229425681056,-1.6034182233117253
69,A1FHOW9NVOH8XR,3,-1.0072212918866603,-1.8088708455496103
70,A2VH0UT5EQFB6P,3,-1.1556311433090125,-1.9259354289518311
71,A2WYAHJGST6AOT,4,1.7002322822904143,-1.3229533202219965
72,A781ITP3HE2N5,1,15.972867339684322,2.2042552038089527
73,AN73VQ17FZVJ8,3,-0.8179257294507831,-1.2242724496072492
74,ALUTHT4U058KZ,4,2.061337512048938,-1.2273999308420132
75,A1A15ECLHM9BQY,4,1.0746406754971918,-1.440856632977179
76,A1S8R9OAIQT7YI,3,-0.9135054133055688,-1.8199881898750316
77,A3RHT4KI3H5TVH,4,4.223251150545767,1.7763470028804202
78,AVY8D3ULJTX0H,3,-1.0296504395711814,-1.2973333773887508
79,A15BHBF0L0HV1F,4,4.797422824438553,-0.6942376366845032
80,A1AFN4T80DZ3RR,3,-4.2558125338727,-0.49099226694863757
81,A3DCG2MNPR4BW,4,0.5838771177272194,-1.520611403348983
82,A3NGAQKJ6X088B,3,-0.8481499668924685,-1.843337207331548
83,A35XRT4BW4I6UD,4,3.9498429335368446,-0.8856800883214926
84,AKYDGCKCY7H9F,1,13.005994700324617,5.582296105009176
85,A19NGYCQ1NCF3W,3,-0.22209009626297865,-1.7406906971444833
86,A3UD50M7M72150,0,-6.125978223632575,4.968901398707763
87,A2B78RXJ2PB6ZD,3,-0.9297544704931645,-1.8340251857212928
88,A18RGYRCEN181M,4,3.4249936939301393,-0.9825248917581791
89,A18LZ6VHS4DK69,3,-5.329481141926116,-2.7568583786657177
90,AQG6AQXC703WD,3,-5.647439408071388,-3.0767509045114325
91,A2YGWCX3DQ6ER0,3,-5.767031648744161,-3.1375671579292375
92,A21VM9WVF8EOSJ,3,-5.636451899964675,-3.069147515321031
93,A3M48SSAOTBSMW,3,-5.5919095213102326,-2.8658001492035132
94,AFLRU6952DEFX,0,-5.844102591139653,7.636931402255071
95,A1W3CEEQBJ4GTN,3,-5.751346217261775,-3.178197162699607
96,A1IR3NR4KRPIJ1,3,-5.755446280725341,-2.9112599384267233
97,A2RS66Y79Q8X0W,0,-6.5899150820855885,3.2240844642056747
98,A34IJACMU8C3IM,3,-5.638358276473709,-3.025655063278002
99,A2WYF4POBUXL2O,3,-5.937228786182148,-3.2653442943208004
100,A3UPEG3LRWOX16,3,-5.617448512151508,-2.98119625934348
101,A2QJQ3HSJB4NS,3,-5.571118355156493,-3.013801644825191
102,A1MVH1WLYDHZ49,1,23.46866115576662,3.5521626442988694
103,A2XXBZPQT5EXHV,3,-2.842033626171118,-2.4497334495271192
104,A204ETWOV23HO4,4,2.562156370086842,-1.2825301296307947
105,A203OCQQ12MAVT,3,-5.462607385956119,-2.832948440938886
106,A3JUQ2E799OC5B,3,-3.8165472882117792,-0.34688190975113853
107,A2PN3GY7I3EKC1,4,3.172163781835001,-1.1176080268614552
108,A1FCX548TD6DLP,4,0.5193914652540764,-1.6555334179884131
109,A35D9ODUCAMF5G,3,-2.5054088587728067,-2.189847575722084
110,A3UETHIJBL6MCV,3,-4.579974397146067,-0.7527991105694738
111,A2Y8JW5NSY95OL,1,9.347274882443912,0.48150794431970456
112,A3FW4THIMBIN6V,4,6.6257452451481935,-0.4264213810845482
113,AT09WGFUM934H,4,4.314362815337359,-0.2295750792247019
114,A1NAA1R38JSNHV,4,2.993901877380388,4.328801692323083
115,A1F4KCBVDP8S25,0,-6.341141992340869,2.517778607177393
116,A4BTCECGQAIUI,1,4.9641297264715805,11.303191545671833
117,AROOYR32BS1VL,3,-1.1222426802807803,-1.7991591714626982
118,A2F2L5F9OWWVY6,1,8.101355136446585,12.28468001179587
119,A3PL8ENSYWS1PZ,4,4.471436459389926,1.5364365048662192
120,A23BIOQUMRC7K5,0,-5.501332636393737,4.847130517808468
121,A3OZC468867FW8,0,-4.980519033853394,2.4346317372009385
122,AJ3MI4QT7339J,3,-2.819739700782466,-0.3089799501133687
123,A3OJ0RGAECAGH8,0,-4.4515050166901755,3.7841630103578763
124,A22LLQ00V32YZJ,0,-2.7405738404204025,7.180730622226444
125,A2LBHMQ3142G3S,4,2.133740939405302,-1.0481306596766877
126,AEG2MOBNK5KCA,3,-4.468333922885795,-0.40994587652731074
127,A3V1A3C9DTLPME,0,0.29908137946318203,5.3270207098866775
128,A3200TEQBFSDRX,0,-6.967390908197007,5.281874028430663
129,A3HLW3G0TA8GX1,3,-4.1547306032048335,-2.579990991979511
130,A9J03MF2689TS,3,-1.43587078947369,-2.0427017948351724
131,AQFOCVEBDCYU9,3,-5.57819556750806,-2.973826752230149
132,A3GSBNVP2LPFRB,3,-5.796377405972477,-3.197638198497917
133,A37U8NH2CD9EDX,3,-4.780184621591392,-2.8331525118880276
134,A1M957IA3QNX7X,3,-5.76731788595099,-0.5611228574984782
135,AEN6KDJ3AJDK6,3,-4.2647596331639175,-2.1897974466481034
136,ALHC64J88LVWO,1,6.950846012368814,1.4168185618667024
137,AKDQONDXN72MW,4,0.41895284427593266,-1.6323408905375647
138,A3M05N9UWHIXUI,3,-5.5668574072886265,-2.965165754617234
139,A28P7V9KI7MXP,3,-5.483759326164694,-2.9081798660806024
140,A26JHKA8SNXV6P,3,-5.8195970197214635,-3.185839402400108
141,A1VHCO8RQFIGQJ,3,-5.629490038277442,-3.0465811977589277
142,A2H5GRB3XXEBX0,4,0.9432272961854721,-1.5943590378155714
143,A1LS2UXHG1BYRG,4,2.84493397289452,1.0705958052205602
144,A3HCK3UXD6WS4G,4,2.2717496161041257,2.002261480333659
145,A2WT46GVYE1ZDD,3,-0.44832555460855245,-1.8773793083872683
146,A2BRXREMT5WZJ0,3,-3.2513356865947536,1.2807826355714673
147,A3EUD541ZM0R0R,4,3.259063549106654,-1.0600809994222398
148,A19JA9J3BFBKNO,4,1.1879767781760755,-1.514570354519957
149,AKLDKUON6YY0X,4,-0.5628689944368804,2.063464398083119
150,A2SH4497XM1HET,3,-1.826010132873162,-0.21732762785577725
151,A2QDVOUXE4PYIM,3,-0.5988125939338524,-0.7278272175089575
152,A12YXGXV4MATDS,3,-4.06403100452695,-2.786125401892833
153,A1RHGZOBDC3WQF,3,-5.856499151453286,-1.5279480895810267
154,A6FIAB28IS79,3,-5.349066113226912,-3.69610992250591
155,A20EZ7E8WUH2GZ,3,-4.042075274929112,-2.100301104739949
156,A1FI4UL6C50NZJ,3,-1.8644411139902202,-2.159509516578049
157,A223S6N0DBQBHP,4,2.752656438346789,0.7915464028687723
158,A10KH8EN77ZKWH,3,-0.7779438311893526,-1.8927864760762345
159,A34LQ791ACZ0JC,3,-2.5904541468520654,-2.658760072224755
160,A31XY5BETE8DUC,3,-5.791823579327936,-3.214436844510411
161,A1C92KYEEU1T0G,3,-4.373421280605153,-2.9773381626304007
162,A2JN6080LXS12H,3,-3.4314426524699657,-2.611062788338832
163,A2EWLWNMF65J5X,3,-2.069545791425682,-2.358775674141969
164,A1K8E597YAFQQG,0,-6.422793729775644,4.624885431886575
165,A2N4QZ92NBKJZZ,3,-0.577376434633052,-2.0311356859372123
166,A3TJMZ2YFNECYN,4,-0.26957018840997715,0.22597091099303768
167,A2MR43RDPZX3J,0,-7.937882615955615,15.081733635608611
168,A3VVKC910FN4EK,4,0.6609318997823375,-0.16959088225136942
169,A3IICSS30MRX9M,4,3.1418645765518916,3.024695362453995
170,A18X6ZT4AEYVKB,4,1.453800591792489,-1.6768549140817597
171,A2LSR40ZH18TPH,3,-5.876519724521063,-1.433610021474801
172,A7E0CJH464L82,0,-6.708568877783983,2.746168299518829
173,A2KI91IR3RA7D0,3,-2.994521236682148,-2.115627662321791
174,A2DKLC2FJTY9OI,3,-2.9614518722680487,-1.2285707363443454
175,A1MI9FDCNB3CMR,4,4.246481067005956,-1.0734617663527137
176,A37AQI4AU3JWSR,3,-4.974496088703733,-2.3441742682115985
177,A217QN6PDMKS1A,3,-0.41408794229451035,-1.8846256085986244
178,A32E8LG6I4W2AI,3,-5.762257238011609,-3.221326785611558
179,AXABTEYS7A4A8,4,-0.21440192493937726,-2.0062328005928136
180,A1BN3DBBWLMT6V,3,-2.0982967433153554,-2.369385339018107
181,A3AOB0VF6H0IF4,3,-5.686593623283739,-3.0681198901548745
182,A3DDZ2SENG07MS,3,-1.2772856265376253,-2.2177900024435213
183,A18P5I03P4U8AI,3,-4.648182081443376,-0.7631452648452366
184,A1AFH79R6W1QOQ,3,-2.9194794072544186,-0.32937719576436797
185,A18C03TA8N26L4,3,-3.4073507325488737,-1.9418151668065626
186,A1XXS0OSY2JLHW,3,-4.28217312744828,-2.795375488619083
187,AW6A4PPENVZY3,3,-5.57688071676364,-3.015487119615086
188,A2INSN8Z69R0FK,3,-5.7514611583615896,-3.089393785603221
189,AJK15Q9JOEHRH,1,5.2571152521573685,9.19522213478277
190,A1ESUYMIG3TZT0,3,-4.744284260751322,-2.7845397991204535
191,AQZ7HGW2FF4ED,3,-5.633735624666749,-3.0210293573205567
192,A3E6FHS8DV037H,3,-5.704452761978819,-3.112058418348681
193,A1K45HFFFDNP1A,3,-5.804677608300492,-3.1994575786488686
194,A12N7TJQR2RB9W,3,-4.345014719331808,-2.191860127106794
195,A2CPP7BZKOF9TP,3,-4.858060284594427,-2.888263915710623
196,AOINAOO0NQRGN,4,4.219906116981649,-0.36599918484974553
197,A3DGMJN91IUKGU,3,-3.136366961817593,-2.3346601820655692
198,A3IZF3M92E7SI2,3,-5.599212938691831,-2.932474264056942
199,A3EU3ET85O8ZFX,3,-5.688990237198469,-3.1002956445234187
200,ARID6HRKRWGFW,3,-1.9905332475167905,-2.220704240495176
201,A1A64ANBPFSAT4,3,-5.628179948697571,-3.0504539972216325
202,AUK79PXTAOJP9,3,-4.0346170715776575,-2.5544155238860022
203,A3CSSZ6U5J4YS5,4,1.4405929044569215,2.154764744466482
204,A2605LYSN10W9,4,0.42981484710287715,-1.7621089376735706
205,AGYH5U11ZKPFB,4,0.9728263756534147,0.7721387319872949
206,A26HM2R5529NYY,3,-5.019973458830544,0.5111744408606184
207,A1K323WRUBGWC9,3,-4.086011638834522,-2.620549214706568
208,A17A1KTVI3DG6U,3,-2.4790640735655973,-2.3599116286098507
209,A2Z89YMZZJWBHS,4,1.5004338166709137,-0.015198467540134564
210,A1ARFA1NCN34UV,4,0.3341857140174973,1.8981738805352095
211,AXX6BZDD8K4JL,0,-6.604811739967909,3.64910540049867
212,A3CR1EV98GQ87X,0,-6.11311337577182,1.5621796492387516
213,A5ZS85C5V40S8,3,-6.114197307335624,1.20887862051928
214,A3H4FCMNBYS09K,0,-2.3071401155711313,4.065580504287374
215,A2RVY2GDMZHH4,1,15.853332860953016,5.661724597433226
216,A109JTUZXO61UY,4,1.8593615516144113,-1.3739989223172218
217,A3EZEP0FX5BC1P,4,6.016075326386919,-0.5613876383440626
218,A1SCWHXAB2ZK7N,4,5.994917889368775,-0.5218072471242158
219,AXWI0P2EGDEQT,3,-1.2568724042481578,-2.1010087900579797
220,A26SN2CVQM4FKM,1,23.653435525032354,3.0990859907738963
221,A165EMA3YTIM6A,4,5.044702786337385,1.3338749351405172
222,A1CNDQC2IXGEPN,4,1.8703971525378051,-1.3561414529434495
223,A1S7QABO64Z554,4,6.375428662983277,-0.386415193890611
224,A1BH17V8BKLES,4,4.579764228512531,3.0774131339479953
225,A1CUB195YB9XKO,4,5.966783029417289,-0.5032901378618606
226,A1JVHQXG7GST9J,4,1.7168401903391557,-1.381683642309138
227,AZJPNK73JF3XP,1,9.903873237069073,0.21536409339017748
228,A2C7BOQVFH1HLE,4,0.12302498580795906,0.39669344794866596
229,A2IN5BKM9IQT6Z,4,3.2499374472127514,-1.0886706879965384
230,A2XF1IANVPK7F,3,-0.844659626030554,-1.902750356033838
231,A56EP6FFRH1YT,4,1.1768644361130225,-1.5373418778354637
232,AFUXETAHFUXFE,4,-0.10325000241023499,-0.3506440390605169
233,A1YA2BPU7CVNJD,4,4.267202278355511,-0.9221261253206494
234,A14PY68SX7D5DV,4,3.6404161822045444,-1.1158962094941722
235,A2J4UAF6RW13WK,1,9.440265672857267,0.1762367900238527
236,AAGD3GA9ZVPLQ,3,-1.0624144738807835,-2.056749749562959
237,A3D0PD45BHLXFX,4,4.419836698822389,-0.8173502601331981
238,A1BTNPMESS99PL,4,1.1934500790687628,-1.5195951471977711
239,A26E1V45R24QVC,4,0.2210457399647459,-1.707508031628157
240,AQES9A9BCJ7CV,3,-1.0824891273111834,-1.9716156013448938
241,AEMC16IPBZORW,0,-5.602374390031258,5.5654087329179065
242,A2YTKPGZXFFKVK,4,2.1573729354607845,-1.392909682212161
243,A2FGSRTR4XFHMC,4,0.46980706192857297,-1.66540595786371
244,A1786LAQ18LHDC,4,1.7623246747434727,-1.3912184323813315
245,A27UAE2PME5TRV,4,0.9646072817927986,-1.557700519164391
246,A1MH0P8PE6AT4P,4,3.8461577798900723,0.5786735913511245
247,A2IRI1NFJJJ6MZ,4,1.2815836433722703,-1.5416332695595194
248,A1VQHH85U7PX0,4,-0.26270024154043603,-1.8804595875242789
249,A2D9QW4TY8CFB0,4,2.5601491942705423,-1.2584401216959122
250,A16Z3HTUIYPDH8,4,5.793353872087971,0.7299519992689522
251,A3GSQE0LXPG9YF,4,4.944338343549035,-0.851000347431832
252,AB0XOMFCYELCK,4,2.5005017675921075,-0.6459505645355919
253,A3BH9XC0BVO1AG,4,0.2802813791714744,-1.7312630083288094
254,A3NKSY3I0UW3KK,4,0.5969548132306002,-1.6616481526037419
255,A3UQS40N3PW18L,4,1.1300276090958228,-1.5737026334985895
256,AI45J5737CUGY,4,1.9146513558838119,-1.3817312766622787
257,A3BZ9EP6SSC9MU,4,1.013372577197461,-1.5621473583690608
258,A12SSZIN555FTL,4,2.7430632145681035,-1.3123946680051697
259,A2PDPIVN721PZ7,4,5.539388721553914,-0.6878233626997239
260,A5RJ7TM82RH0I,4,7.424536469716876,0.30712930153603757
261,A21WZ0YAMX0NLE,4,5.235634378402562,-0.6805005624147488
262,A2E2CJWPL1YMAR,4,1.8439611954523554,-1.3852159020639911
263,A1AWXXBQRQN13I,4,2.5100051270542725,-1.1141518844387759
264,A1IDPIC36H49JX,4,6.429584485012648,-0.4451389589489576
265,A1LI9W7A0CYOHV,4,3.9868048864340464,-0.9414419515144495
266,A3EIML9QZO5NZZ,4,-0.6107419613298579,0.279941313407912
267,AEUG4DYQZJ64Z,3,-0.8381335010078252,-1.2042144389895706
268,A3M4FU3WQWJHMP,4,8.031906438843706,-0.18114035042887308
269,A34G1GTMQGEDUN,4,1.8800140897169277,-1.3580729237276425
270,AQDHNCD25PFE6,4,3.0561749346490887,-1.061673329382306
271,A3ADSZR7QAQ5U,4,0.6807167291465347,-1.6329383958082833
272,AZBUUKQLYKUCL,4,5.34759697958003,-0.5206055879195451
273,A22SZV0N4O2FQM,4,3.008435165657069,0.8928391278407551
274,A1QE7VZE507TO7,4,2.2782272718082432,-1.2851367507810774
275,AOCBJFQ7UPEOJ,4,2.7629258849353286,-1.2367193708820308
276,AH0XON4XDOF2C,4,5.417042406702771,-0.6347133425442254
277,ALV33FTOC032I,4,3.7722546696662405,5.582237600861141
278,A3USVJXZXK7XRI,4,3.438990372134925,-0.9843552532682266
279,A2053ZJUGCKUA5,1,18.161993588738557,1.9664817819208393
280,A2D0F87RY5YMHN,1,10.239295835971937,0.01207323046042141
281,AZE83O4F1IJPR,4,5.094836953904382,3.4448117633573134
282,A10H2F00ZOT8S2,4,3.0430221235990964,-1.1530277147971064
283,A2VCXIAWCPQ13P,4,7.8987188430960025,-0.14514236160239224
284,AXP7888CP2222,3,-1.8903284701677034,-2.316983279720758
285,AGDWVRFL81B4O,3,-2.4807402886522825,-2.3309357008144973
286,A1T4HGVX32QIYC,4,0.811376712805115,-1.5865735405468593
287,A1TSW5IJ1LU0RP,3,-3.180638398440465,1.587517425733685
288,ASJAKT8DJIAC5,4,3.942788275531894,-0.36019944105850477
289,AN1RO6C6I78YO,3,-3.0590343524075165,0.2700534583209732
290,A3K96R872MUM3D,4,0.48589874046128856,-1.56087650821456
291,A20L3BCRCICRSQ,4,0.52938655869782,-1.6117668341455198
292,A3G5BIFX6VS1OP,4,1.6506428701068858,-0.6668584714198322
293,A31RULW0KNYJ5H,4,0.5444649241636881,-1.698856071107692
294,AG5L0MYSPPWDC,3,-4.106253120191217,-1.339535747979758
295,A1SG6JGU7ISEH3,3,-2.37034255467955,-1.50557172839843
296,AVDW3OAVWWE05,4,3.505356505954271,-1.0182422261952822
297,A2JZTK0WGJCMGN,3,-1.161710023050274,-1.3440330362336215
298,AMU3EIC4EOPX4,3,-1.0799728487308624,-1.8783389408669877
299,ATL0URQ0KUKGZ,3,-1.0306887133566287,-1.2270657546487773
300,A3DIN9E5QQZ6VT,4,-0.30935047034887064,-1.8233363410129382
301,A1LU9607CVAMIF,3,-1.747326081717456,-2.1507921685423055
302,A15TYOEWBQYF0X,1,38.55820116408065,7.790643155284968
303,A3MDQTWO6NOV1U,3,-1.1588130394458505,-1.2781212845589116
304,A3IVULXGE2PB43,3,-1.3642306213546465,-1.4859616349938112
305,A2MMH4O7EDNLCV,3,-4.083978162201753,-1.3097125355583799
306,A278CZM7C2OO8A,3,-5.024436705963001,-0.6548703960658198
307,A2RIQKV4OOXME1,4,4.671263256426524,-0.8323282489929363
308,A3MRBUCGH66JTY,3,-1.7465095265207402,-2.15416023334854
309,A2EDYSY4M8TESS,0,1.8526782848328245,7.288391417891552
310,A1GUHIMGFE362L,3,-0.8866529835410761,-1.8962704830668449
311,A2ZGEV4CTSCTIZ,4,3.8295193057671724,-1.0153359484149604
312,A3CMXRFIWQCBKQ,4,-0.2735928845661187,-1.8017347166358793
313,A2AAS19L5VE69J,3,-5.841453148213703,-0.39143606612325893
314,A25ZBYVW8ZINLM,4,4.463867261856714,6.268453726295897
315,A3KBFCPNQ58YK4,0,-7.573557436481416,14.569599668334572
316,A1UMOYYM8HB2A1,4,0.2351681338845611,-1.0405488323274414
317,A23AKO4BZLZ8DE,1,8.17384269088009,3.420582856307655
318,A102MU6ZC9H1N6,4,0.587798800986678,-0.9737603225514367
319,A18MMME07XZLYO,4,4.188127213656501,-0.9282832035033777
320,A3BTH66WVCQAM9,0,0.8185892707527133,6.29093340463051
321,AXXGP6UT41KAS,4,1.094413073124139,-1.3933370010637207
322,A26M5O53PHZTKN,3,-1.8805124944735794,-2.0047740766861666
323,A3ARSPDQYDZVNS,3,-1.7977377310244562,-1.494284599894501
324,ALAY8GVFBUQ9L,4,0.734580691852696,2.641224601311621
325,A1AUDW7X02EEPJ,3,-0.5113736610512329,-1.7684459990630088
326,A3KKTTJACRWL16,3,-0.2097111123308459,-1.699606061962148
327,A3VIIH9ZNJ823H,4,0.650939453733981,0.4597143778194887
328,A3AT69S9R8ZWGT,3,-3.1703680321947516,1.378996362033493
329,A3IKOEE8Z3T6BH,0,-1.9352251026108547,7.633606423713541
330,A21Q29J3ZWPDNP,0,-0.4427481333836828,10.890793353278543
331,A2BK5M8IYNF7CV,3,-5.423781531190818,1.2391696966690602
332,A1EX4410F46C8O,0,-2.9355394787831273,3.8392595646167855
333,A2CMX45JPSCTUJ,0,-6.051194782911267,7.707665556150095
334,A2XVE2J5WGCSGX,0,-5.036523868456062,3.483237519660152
335,AW97HQETLQ25Y,3,-2.2811401183209403,1.7461620913473588
336,A1365RYO0BLEMI,1,7.976239020183531,4.711837017334136
337,AHCJAJO18KRP1,0,-4.112005590143918,5.126378287723809
338,ADH0O8UVJOT10,2,-5.565679676339224,55.92780966989611
339,A22Z554ZQ8NFPC,1,14.533670677888416,13.677055575296306
340,A3J2PKECNUGEHO,0,-5.241130974269661,3.718599277724429
341,APB6VJX5CNR5C,0,-2.0627273386775435,6.101701438187438
342,A2B58VXLLOFQKR,0,-4.221635898672469,5.1993634660399595
343,A2IDOKLAT1MP8X,0,-4.5803211920126445,7.641906753899424
344,AJBBU53A0X84I,0,-0.33358424438580214,7.71706535513113
345,A27L5L6I7OSV5B,0,0.8957604543383118,6.983948704557966
346,A3HEV9M5RNFB3V,3,-1.8524411244726615,2.2186136521437776
347,A1N4PW6FTMBUSQ,0,-8.031379346353358,10.29579970040843
348,A205483DF7XVDE,0,-2.428685753543378,13.889414677598108
349,A3OEBPVLF35YQL,0,-7.5375347217011255,7.962771018885292
350,A2F92AOWTIUIB,1,12.501547628099942,5.786116844327218
351,AZ0LJNEP2VRD1,0,-9.208257296304321,15.725088626006965
352,AUUI1FKERRMV2,0,-4.346815084011159,3.8721697004792928
353,A1CD7IUM2JRPY1,0,-4.250150298221052,5.92134905424435
354,A3S737ZGWE1GKY,0,-3.4540278234245596,2.5132021255059525
355,A3MXU3CH4BJ465,3,-4.053620804311554,1.7743604075321304
356,A3BMYEA3J6RBVV,4,0.032799574881375415,0.4144862203130521
357,A73CB1NVPYDZ5,0,-5.4412777732115005,5.648700164954979
358,A3CNFMV0IISC3C,0,-7.470781192955696,7.602835645726257
359,A206T0W1VE8K1Q,3,-5.882790863841722,0.4041380089135142
360,A31HQD6H4SHO2C,0,-6.876858550073753,4.682423410215134
361,APEJ8EJCC8PQ8,4,-0.5937217214740678,2.358824942867289
362,A3DDG0WH5SBF34,0,-3.7161751708406014,3.7823010990628645
363,A2VXKVJV7KIGMD,0,-5.505726252428145,3.175289967977508
364,A3JEEPYPEM9V81,0,-7.149996014265598,5.969378764043933
365,AWIG50VOI5VUV,0,-5.57940163433486,2.297456254519338
366,A34O0KQV4QXWNQ,1,16.387604747454954,12.50897479538348
367,A8ANJNZAZQ6IQ,4,3.474857014922176,3.2578510056935426
368,A1V7G6OGGW7AGA,3,-3.4452105333981873,1.7361021049842327
369,AH2F47XZ5L8NR,0,-7.338199910414204,6.952238593234881
370,A2FXCGHJLVQTIX,3,-5.847564068001875,-0.8777017225738868
371,A356RFKNIG043B,4,1.648104885698191,0.7835687685432607
372,A1C60KQ8VJZBS5,4,1.8111980462019457,0.18015029817140277
373,A3D42ZX96FA6EW,0,-3.191254857436158,4.845102389495776
374,A3MJARDJ31M698,0,-7.265531589466165,6.601695420744662
375,A26RLGZUUENC6E,0,-6.8570500312609965,4.5878975526175045
376,A2C2TKHICAZ4RS,3,-4.590242320543435,-0.838954202753256
377,A1YAAMQT5G88XE,0,-2.360484593330656,3.929130986042943
378,A1JNV4K56GG94R,0,-2.91007582705864,5.786252247450531
379,A3E7O9NSS47TE8,0,2.545797250234917,7.083398393821017
380,A3APKXMNJAEDQM,4,0.03802760713321271,0.1691691429646939
381,A1M3XD9UV3PD3I,4,2.610832824767298,3.8515527901613513
382,A1IB42LRNA9QLW,4,2.7780105061855536,2.342260430579543
383,A8MQNZK3J0UEX,3,-3.4109553334617666,1.1234701868067776
384,A1H4EBBOM66MQ0,3,-1.4453502709470862,1.842893723537179
385,A24VMSBJAWFRCP,3,-4.993446187589184,1.1103033004961946
386,A39TYRIZLTCK9P,4,-0.6802212954082688,2.16456478625451
387,AJGD0VSCUJUP5,4,3.9938216877663644,-0.961812235150584
388,A3C9F3SZWLWDZF,4,0.24991300742898628,-1.7567356273609551
389,AHMEG9CAAT2KF,3,-1.1933873486238094,-1.4513079034152556
390,AREHEVC8J64QA,3,-1.597075192512385,-2.1503075510827094
391,A3775OP5VTX5ON,4,6.596463065683608,-0.4123971374098918
392,A306YUQBEB2R9T,1,7.669821020788084,-0.38996580357166855
393,A10NJEIG56RHN5,4,1.8936681871262302,-1.3764618078973776
394,A2SFO875EQ66AB,3,-0.43602243223520376,-1.9128228679833617
395,A28FADP9FITQVK,4,1.7947979175475957,-1.3907757364306181
396,A24JUT24W1K3CV,4,3.405898647114963,1.0774311847937321
397,A136M3QYHUVN9A,4,0.41226189126298196,-1.7085040737306936
398,A3IELJ39K3QL7,4,4.279092171638922,-0.9040433726611338
399,A24AQ24CD6865K,4,-0.25216443716837783,1.1550876608927667
400,A2J4GBHSDLP4DF,4,2.415305104400949,-1.44228786938005
401,A7KIY7RDFHRN9,3,-0.39662084095275396,-1.9154714942365538
402,A13NZBZQ7ZZG5O,3,-1.0690639736510017,-2.0643896678451097
403,A32264FNDHOH3Q,4,1.1683495560908965,-0.3329747654828752
404,A2Y1R8CZMTALJP,3,-1.0195692970283157,-1.7787768001399533
405,A2GC5JELY3N07V,4,1.9398234150068066,-1.3320659476866967
406,A11INIL2YFJ137,4,4.307554601771379,-0.8227063432213207
407,A23033Q9WZBG4V,4,2.1455284958773344,-1.283442634291109
408,A1HPC4BDRLR60,4,1.5675490216695223,-0.6648044512239594
409,A3FQ9WYUHG9CD,4,3.1875875745206415,-0.31328129111102077
410,A2YQTEPCGZ5N7J,0,-2.835343141166593,6.82943160170559
411,A1IJUUNPU7L6LA,4,4.22943094021687,3.341568674380022
412,A3MMISYL1GBXH4,4,2.4960971277165145,-1.247507998896071
413,AMGUVF20JAOG8,4,4.946181975381884,-0.6632344467568854
414,ALB04NLERUCYC,4,3.072380306531999,-1.0801570987023035
415,A1B9TIERY43Q8H,4,0.4756253989466523,-1.5485125868426273
416,A1VAUZRF5PUSOZ,4,3.2890190785010573,-0.30060115067215054
417,A6A03NM42KUXL,4,1.8177561037446825,-1.3467244837152863
418,A2F26OVBDC7WWA,4,5.013590101040411,-0.693251236491708
419,ABZYVME9NYCQG,4,5.362842497498584,1.6764864411603557
420,A19IFF0DGV0T3E,4,0.3575763377959385,-1.6237050990256
421,A2P5U53IUTDUE6,4,1.6483613576870608,-1.4402933434373195
422,A2X2GEABQXRX7P,4,0.42273435076847105,-1.541025848350016
423,A2WROWUBLQ9GZZ,4,2.8601302494150036,-1.1917257780955108
424,A3F1GM7ZAZD1SW,0,-2.125150352976031,2.8972016734009776
425,A87NFCCTUG4PO,4,1.798597582745998,2.4114320135550202
426,AITXZ1QOILJ5Z,4,1.703622584171428,-0.09745523798438763
427,AG8FGAIPRBKIR,4,0.2611044961799653,-1.0137025856935735
428,A1YP96MT6W9FTB,1,16.679350944547473,1.572397367975181
429,A768OB1LNE356,4,4.427997758765697,-0.7813681453002866
430,AH4HBHRM707WA,3,-3.452061632450226,-2.7141450758339585
431,A3PGQWCSJPCYDH,1,11.934401855953569,0.6821079102528151
432,A2T372SGRFAWYP,4,2.461592776738559,-1.235776439798477
433,A3K9OQPCI8UJE,4,4.310256970296863,1.7365183229129155
434,A1HQN6CNAO683Y,3,-0.6001678108368437,-1.1394518858432885
435,A3MKGUUWT9OOY6,4,1.8569124045784715,-1.3096310541847378
436,AGGQFKI536BUW,4,1.2682482811083617,-1.4984115089345922
437,A118PM0B1PGWDA,3,-0.5937555584998887,-1.3533553434960293
438,AGH6UUAIAZLMB,3,-1.3960859587025574,-0.8280469047039078
439,AJOK2CO9LSF37,4,1.337882566304228,0.5502272636913396
440,A346EQ2V4W531N,4,0.5644350793052596,-1.5088408247063076
441,A1Q3YZOVFXRKDZ,4,0.07949517686499141,0.2856592864129387
442,A1IQKXGJSKTAHP,4,0.2010548521329496,-0.5652444708159414
443,A2MIP3AQVSF2SS,4,1.651923965017971,-0.00325411096146839
444,A1GOLQ90G6MHK6,4,6.663172894813093,-0.39078707454825395
445,A33DAMPX4T6K57,0,-3.496770078653296,2.6904182383851354
446,A1IL0PS2XJB4NS,3,-1.521482487338554,0.057226194341588
447,A3GLD5QF1HMGO0,4,0.24748179820208427,-0.9990277299921755
448,A2HWUC980HM1NP,4,3.806760626669382,-0.9849098768031168
449,A31B0LYT2C92SN,0,-4.755430021173216,24.87096865029426
450,A1HW9DAJBYXGDV,4,4.043842979036688,3.169778792639366
451,AXJ19189TLBLJ,4,1.4263165996368692,-1.4706842098546846
452,ACVSCM9GWLNLS,4,2.134710094905165,-1.2941372592074851
453,A3BMI7VGJT60Y7,4,-0.14484363085412189,-1.843653250276185
454,A327J5R77T2EY3,4,2.530422353696527,-1.3396124676756924
455,A3GH47E9FF8WN1,3,-2.3035053112194728,-0.06996179306030047
456,A3UXW18DP4WSD6,1,14.658470231959678,1.075713083663036
457,A2G2DXPFZKG48W,3,-1.688775939632764,-0.3277671030502087
458,ASP978VO96X7C,4,0.35305021789878976,-1.7043647301906228
459,A3RDS0DJ5EJGA7,4,3.935494480604547,-1.227012949033405
460,AI9PZHPNTKPI,3,-2.4861773876129374,-2.3733077387436414
461,A3R8TPM1N7HFS4,3,-5.766794591085667,-3.06212312697773
462,A34WEXT7SIRFE4,3,-5.651023636603643,-3.1563366938853443
463,ARAK8OPNIFLHR,3,-4.349880278710908,-2.965109776677634
464,A3TOND09136H4A,3,-2.5456701561437027,-2.4986393086522227
465,A1AU5K3JMPS3UQ,3,-5.8629521452610724,-3.366158617759698
466,A78J38NU18DDZ,3,-3.0793434281192367,-2.539877852329011
467,A362IZKSMV6MA8,0,0.7728788112931797,4.731364350526446
468,A10HYGDU2NITYQ,3,-4.144065115295941,-2.063151760321167
469,AD5G39PJUJVJ,3,-1.5696495508630257,-2.2900845560933702
470,A2RI4QE6EO29CA,3,-5.818865637928438,-3.2420105785742317
471,A36C867ZDP30NQ,3,-2.017270823517518,-1.7655230997848272
472,A2HTMBKL4KE2JH,3,-4.105606468630349,-2.8455803515010096
473,A11E4FWMN9BXJD,3,-5.856531238384295,-3.3602852999057737
474,A39JMLMY96E8CP,3,-4.153802724295403,-2.76189105812119
475,A26Y7G0VFYUYSL,3,-4.99029510385177,-2.9891750260405816
476,AKDQ6O42VUK1U,4,0.20320250403173598,-1.8518652667088589
477,A2XKZS6UXZWK9M,3,-5.6840813130061605,-3.12887253334081
478,A1UMM894XSEO4F,4,4.0243386036199755,-1.2721007283418666
479,A27S1RZ4JF0S3N,3,-5.008638136175831,-3.14816318650318
480,A3O9JAQME0YOB0,4,0.1286736938763733,-1.8964531370220836
481,A2N7F3MVCTAOYP,3,-4.601469019521128,-3.148184297121553
482,A2V9R0KCU8X6EH,3,-2.603361710820101,-2.5365834634944755
483,A2D0F8W7FDBBS6,3,-5.727903298280865,-3.248271658245784
484,A2XD36ONYLNU5J,3,-1.242443746855852,-2.1435179597894556
485,ACUGOV6HBWDXB,3,-5.751418981863585,-3.2152669325434013
486,AMP0Z3DR4RCH7,4,2.388831532711864,0.02350921228182424
487,A310MXGFV4RIK0,3,-5.853880228547383,-3.181458453940643
488,A37KK1CLMULHE4,0,0.8248792231355941,6.101185552576702
489,A2Z84UZPX7064Q,3,-3.5308877227033446,-2.7637991627635614
490,A1K582XYLTKUCD,3,-2.4430446602070943,-1.4619784391576638
491,AHUIPZZH2UKJG,4,1.0958863369674434,-1.3646515213562875
492,ABEQJOG7TS8GT,3,-1.8011780619258386,2.199699885671355
493,AQT4V74P38PPU,3,-3.243459669377104,-2.251095006869425
494,A3412OM2NWNT5E,3,-0.5270133899253934,-1.7095228517593228
495,A2NOZB6VZCTOI4,4,0.7493617219384248,-1.5305865235244758
496,A1XNCV67JBJVF7,3,-2.9159150661115456,-2.404783328492732
497,A3QR1W7AD80ZQ0,3,-3.9226798758120607,1.1681025880575588
498,A3DJZHSAW4ANH0,3,-1.689250368229971,-1.4179589644743595
499,A2B1KICX3RPRX3,3,-4.218644164370749,-0.6454258475989483
500,A19Q4B515ENF9C,4,1.5613771919248782,-0.790179618424918
501,A120FZ2ESIMA63,4,0.39795299452088484,-1.029580169293367
502,A214MI77WXVK9Q,4,1.5148033945145487,0.6998771626524125
503,A2XB18IXOKUV82,3,-3.042677230089197,-2.247847773097309
504,AYQCAPXJ81XTN,0,-4.063270109197124,5.78843906675178
505,A158NXQZK3SZ9N,3,-3.2755568006728826,1.812191893854013
506,A2CKMJU4WD3XDE,3,-4.066710466862062,1.6199980044345323
507,A1MM26M78136ZP,3,-1.140139914949606,-2.0115959839069206
508,A3PB1FI3R9V7PY,4,0.3621874744526802,-1.661918019810886
509,A3K6M4WXNTYQEM,3,-2.5092468180470044,-2.225876167395393
510,A3MW5BXUOCCQV0,4,-0.6196439501203044,1.8052454519313237
511,A2W03JTG0K5OKF,0,-3.830730386486051,3.7169099406496384
512,A1EVEQAR05SY7L,1,7.645555943518919,4.586226458783743
513,A2Z548GT5948WH,4,8.114439873744692,-0.10696038425981122
514,A1MTN9XWJSA5PI,4,-0.1387754934716366,0.42060243399823166
515,A3TOCY3MSC878,0,-6.165478065539273,4.353918824103342
516,A2HDEN9SPBWC5I,4,-0.3132894927161632,1.3982816272968532
517,AMY8AUDIBXHCI,3,-2.953128189099527,-0.16336072055992512
518,A3394J1F9CN9W5,3,-3.3716116080458574,-2.525534307068942
519,A8MTE6SIYM0GY,4,0.4967497098861814,-1.7467976444625546
520,AT9G9PT2K0PLB,3,-2.7670065237943526,-0.07657301779395037
521,AR6CAR106LX2Y,1,7.804158017508135,4.791689209957588
522,A1RSRUQVKB5EBO,4,0.6172554953505427,-1.6792375733041953
523,A1LHMSY3Q46PJS,4,1.5311517406123425,-1.5689956954513007
524,AONGA3BHTK0EG,4,2.1876472251700716,3.4908669114952726
525,A20TFY5J3WNJU2,1,13.184673183912565,3.205327970586339
526,AD4MJT7YYVHP7,4,2.249595996329856,-0.5918576564861061
527,A23HJIRA5PIMG0,4,5.7270351098748975,0.9265000575136418
528,A2O2UE0UTPOB0Q,4,0.7258680934974473,-1.6038386798362696
529,A3ITN3125FJETP,1,16.985294539501602,6.190484560475368
530,A2P83FWHR36WN1,3,-1.4439680911017947,-2.1226568545031106
531,AOHR2Q90UXF23,4,3.7052152743819393,1.2095097058178552
532,A3MTR7P9PYAALX,1,8.785099853091731,-0.012099310356365772
533,A2B3XQ4FCJTKHQ,4,1.7366829039929228,-1.3772618664464176
534,A6LHCT7P53RSA,4,2.017419423406919,-1.3355749297118362
535,AXXYMIJBD0J9G,4,4.299483911872985,-0.8309154315786738
536,A39PQ7QR2JFXLV,3,-4.572351521748191,-0.735558647621691
537,A1DUPFUG526MVF,4,-0.3571400090766791,2.232736925684301
538,AXMXE3RT660HQ,3,-2.683044623644708,-2.352412432343182
539,A2W8RH6YUNXH83,3,-2.6890658565565477,-2.325355544462712
540,A13798OPDBLDCO,3,-4.245712868439642,-2.7921063961504564
541,A8L6Z9U1TCP06,4,1.6758443611792995,-1.33419684153018
542,AAYAXHC63IX1D,4,3.1869258022090765,-1.0647984860999187
543,A3ZBLSAPZB9LE,0,-4.600882050878759,3.8887644409741884
544,A3L5L7OHXRY03L,4,4.713437751615778,-0.7430065486066874
545,A12O5B8XNKNBOL,1,7.744917764318323,2.036986780689835
546,AA169UZEJYAV1,4,1.9504699315515448,-1.3164774236000905
547,A23NSKTMSPPBTR,4,0.5535269410240259,-1.8447633135219652
548,A3QSZ2SE3HUSXM,4,0.7591213264011025,-1.6440517526064862
549,ALVPGO19QI1SC,3,-1.2403848773090622,-1.496824807736686
550,AG1ZYSLKQCLMD,1,9.220519978977105,0.256249532131092
551,A8AF0VV2LP4LV,3,-2.711138874071936,-0.8033587998022395
552,A39KDVU5JAXJIF,3,-1.0706019736043735,-1.5138616271925958
553,A3G6HCQFH5DE28,4,0.38870207925345085,-1.7614932819593319
554,A2G8O3QXM9EGJS,4,2.72031997860651,-1.2230183130636316
555,A1XL4YLORJ5IBS,4,3.7738939803706177,-0.9481778887883588
556,A3QTFLU2ZWH7WS,4,5.30331317511625,-0.6373238375972069
557,A2B5LSF5V85SZA,4,4.682057659926093,-0.8782868423546125
558,AANXFXLHZPBQU,3,-1.1898231768205603,-0.07826444753268769
559,A280VP2CL6ZFZZ,4,1.3376983600258041,2.1106796737509157
560,A34QHL6I85K3V5,4,0.039548555167250365,0.4265817478954835
561,A1NPG8GYIXYIVY,4,1.8567014517506484,-1.3829425050872994
562,A1IT51TW0UI2LM,4,7.814625448182928,-0.1103061682993971
563,A2GVH4P25TXN8M,4,7.926820477455919,-0.14265803087407972
564,A2JQWSA0GPVSQN,4,2.425639311744485,-1.3621935153231877
565,A1GM034H7XPDEW,4,3.2631095785426885,-1.1619612280258316
566,A2GA2GM4LWESIC,4,2.025052217723504,-1.3429070621930965
567,A2BJZRLR99YW75,3,-1.1338583271873701,-0.3374861831089638
568,A380AI4SNSJTTY,4,1.7632441542026303,-1.3012672997663002
569,A1T3PBZ7DVBC26,4,2.2394954874492776,-1.304946246336455
570,A55YZTYSWPH96,4,1.8658633891304737,-1.3676442936509077
571,A2G9UCBLL9YLET,4,0.11347003238236492,0.3572934803069258
572,A1EW1P6BB16GP6,4,6.352214938322902,-0.44516131403006204
573,A4XWMOFB1HY04,4,6.248876005133765,1.5875702086403536
574,A3RPDN9247BQHK,0,-0.8867648558978528,5.220260848755881
575,A46D3MTB5LIUY,1,7.272085072253994,1.8119580105961488
576,A2CA4YBYSETM02,4,3.4447554903430597,-1.0506020591903937
577,A1YBZOWO2RBIUZ,4,2.2082489910972085,-1.2886175895762577
578,A29GXZXORG2DS0,3,-0.8790155496392953,-1.940668425080396
579,A1NRNLEASOU773,4,5.086403319769283,-0.7156128543847707
580,AK7X7IXX7WYNJ,4,1.3807138123753397,0.17438355125155358
581,A28DVY0Q6PPO1J,4,2.23946012812189,-1.2710119274567968
582,A21V6HGU6SU4JG,0,-3.1387111619567425,2.56870655927708
583,A32ZC1AIF9B85,3,-1.400301687048832,1.4824866161343748
584,A1BD73IAW04XMZ,4,2.104986840371622,2.0567457564560288
585,A1ZYV05OSO4QZK,3,-3.1061493544183834,1.9711719448767824
586,A3RFWANBUVX4RA,3,-4.463839846409751,-3.0604720454324945
587,A2U7ZM8TAJUFPQ,3,-0.8260797844444588,-1.2156998729328783
588,A1MY8258SXRZ8M,4,4.433906294861424,-0.2951746457657319
589,A2T305UHZJ21L1,4,-0.047950378644778094,0.3423461071518976
590,A149F91FB9WTW6,4,5.207530371102257,-0.6916002545050818
591,AF331KJH45RIH,4,3.2167420416059387,-0.9770220533529587
592,A1O3P80RRDUV5P,4,1.9452093074387897,-1.374329452388087
593,A3SUC2DJYHUU9Y,4,1.488689684342242,1.3320640311538612
594,A1MCMSRNN2AS1F,4,2.125872632725366,-1.2942523560158374
595,A2SKZZZBV1XYWP,4,3.4853455255451253,-1.1256686787164853
596,A3NMQFWLXPP8EV,4,2.7130907327539235,-1.2520167013144896
597,AB8JKS38BK9P,4,2.2172976946146004,-1.3163890055762775
598,A202CZ4PJH83G4,1,10.533979011040744,0.33350087726786787
599,A1YIGDWVHNNTMU,4,4.962941980726656,-0.7437373167716826
600,A1EFMEZJESPF76,4,0.7677055736377938,-1.5110569353195866
601,A34QGH6PW5UPA2,4,1.78688126661083,-1.3814883597930596
602,A3I49HMI4LV6HU,3,-0.4590063235670445,-1.217952094993907
603,AXWEQHTXQWR7Q,4,2.786835806610333,-1.2249716174391985
604,A33H0WC9MI8OVW,3,-0.9474701975685818,-1.9911394611407605
605,A3FBE4WF5KQRR1,4,1.5575511876896835,-1.451757074260863
606,A3RNEUUWTA78QR,3,-2.0584866212693838,-0.7684624073108675
607,A5O3ZBCOLILKQ,4,3.634992020978689,-1.0021645378313808
608,A3GHV54CDBCKO4,4,0.5696988637407918,-1.0498474721936386
609,AFGRMORWY2QNX,3,-3.3060775823179536,1.6413081060434178
610,AF1I90O6U8VCQ,4,2.0388789418949123,-1.3381549064332396
611,A3MPMALWL0ERCA,4,2.989396722218408,-1.1918722707310876
612,AB2G1XOBEGWK2,4,6.192213743208072,-0.5577506452823814
613,A1EMD22HC94SI1,4,3.6432599199505864,-0.964783182764631
614,A17VW66OGW0ZKA,4,2.3504301462875956,-1.2681913114099863
615,AMVC9WTXYKNJ1,1,9.416743888929311,0.29934332504852657
616,A3RPTP7XINQSKI,4,3.572034232846792,-1.1170063485798727
617,APH7O58XJXKPT,4,3.4208803377967247,0.9437335308196471
618,AEWYUPCNDV7HY,4,2.8221476733681796,-1.275296194200788
619,AD175S3OJX0DG,4,1.9330279417996632,-1.35197852991579
620,AUZ9IPTKJKFDK,0,-4.980603364019424,3.344931212708992
621,A3ENT7V0MT34WP,0,-1.673922339465027,5.442074469605488
622,A6VXZ1EEPRTLV,4,4.406143101922816,-0.8796996386226261
623,A24IO6G3W158E4,4,0.6108159162776352,-1.5968179019823436
624,A34EGGJLO553D8,4,7.526955540490239,-0.25054494643241065
625,A2BT968XSRPP0K,4,0.6687485560182641,0.5414852012490642
626,A1BK0KBZBCB5V8,4,1.6842091097400995,-1.288997016636261
627,ATVYABSTW0LIE,0,-3.23010569969637,2.6236905501354872
628,A2P3Q65JU68Z5M,3,-1.9616642049374329,-0.3030945980032009
629,A356YVTEMDX69J,4,0.884874876875214,-1.610030433908686
630,A2SHWIOE8TVWJ2,4,5.38791805071723,-0.67791073619614
631,A28L530VL9GK5K,4,7.502195388426587,-0.27352448581378774
632,A1OZ7F08MNF320,4,2.031711480371064,-1.1622513712646776
633,A3157YGT1NASJ7,4,0.43465623904752954,2.4589541631736638
634,AG3PVU7DCXZTK,1,7.3544900293392805,2.076839823894226
635,A3W2KQ6CLTQ0ZD,4,3.651191962187415,1.1098816028229237
636,AA1ZYCEKJGG3A,4,2.306980917785609,-0.6670207643943751
637,A20OBCQWBKCGZT,4,6.694538137247164,-0.34390493829848107
638,A2F1O3IYPFAY6M,3,-1.6641112086207173,2.083323213380032
639,A35JPJHGOSPZX9,4,6.404199789444538,-0.4398515465067979
640,A2MPM6M93OXIJT,4,3.675589202593897,-1.0010946422935785
641,A36IOSZXG6HQAU,4,1.5724682626405198,-1.489815774341203
642,A1P42OZ1MCNAHE,4,2.033271170179319,-1.4153457169967083
643,A1A9DIM802STMK,0,-7.148291668747554,4.405297089322666
644,ATLCEY1YIP1DG,3,-1.937459050278626,-2.275827758395793
645,A9RAHOMYAQB51,3,-4.625934701193164,-0.17113762095346244
646,A3DOXGBWDJ1MU0,4,0.4962553915370458,-1.734946471312071
647,A1H55L0BLPCWYF,4,5.163756748844507,-0.7191917037974638
648,A27WU4E7J23ZS7,4,0.8968458107212578,-1.5757281797719387
649,A1NNBJRXPIDA12,4,1.8294212210872873,-1.356562398357577
650,A1VFUMY02HJIFY,1,13.73664693138043,1.048670090313994
651,AOGJD9K1UN63X,4,0.9491676733021566,-1.5971985493990963
652,A3I9IGMS9GHW8J,4,3.701000449516534,-0.9827069552099965
653,AGW1JFTQNX7SZ,4,5.4492172229037825,-0.6514803261136943
654,A3TM9RWCTMIK42,1,8.791393893409731,0.08525966921049266
655,A3HN470MGR70D2,3,-0.5348684209488493,-1.259730866951112
656,A3QNHDUBMA6WQM,4,1.8406273590028737,-1.3588055555396388
657,A3QPN05Y1OUX32,4,1.7606925084900362,-1.3932384444085617
658,A5MC7LP0ZBO4Q,4,4.124149758504424,-0.9290135753445761
659,A3V1EHVB14TKX,4,1.661774118134605,-1.3725384661186266
660,A32BCTL0HLOXRV,4,5.1594955796139015,0.5742058589520447
661,A127K5WGHNUUH3,4,0.5936605650462362,-0.07121432124759672
662,A1WQNVR4H66YX9,4,4.960840373962327,5.577142483888655
663,A303039F43KD4E,4,1.8721049573803894,-1.3502529511807921
664,A10N243R7A5ZW3,0,-5.088656300467957,2.9845962227653735
665,A3NI8JZCL7BZMC,4,1.5086878199209945,2.994131587044267
666,A1UKMEC156SHOD,4,0.40157439892930447,-1.1017369192750772
667,A1W228ES4U9GDQ,3,-2.07610097339649,-0.663746089999152
668,A1LZ7QGWHBHWOD,3,-0.4241889619353219,-1.8644941695713866
669,A91PW87FR65XH,4,1.255792055014685,-1.4915841374855754
670,AQOQUWM58SGFR,3,-2.754193744417346,-2.456603944447847
671,A2C46HQIZLYJUC,4,6.105852934144984,-0.604426019384016
672,A27PF2GVKMJSAA,4,0.3462513170430327,-1.6805319149822935
673,A3NHUK1ISMZCFZ,3,-2.941036599381195,-2.615628551571602
674,AJCHGS1GND4OA,4,2.721737127560627,-1.2876488572040288
675,A1R019TURAPFDS,3,-3.885573298230284,-2.598277461032091
676,A5I7XOLQRH9YE,3,-2.475216958689048,-2.3436316680610623
677,A1UMN04FQ6H32D,3,-3.3290407102034663,-2.575550915472134
678,A3CUYX2VXZM9KO,3,-4.087336653809708,-2.7744561070485583
679,A3FA334BIFOMRD,3,-2.519344665920974,-2.3455110471625553
680,AFS3FQR5JSDVJ,3,-1.4638303354801894,-2.2936281506418124
681,A1OGTL9EBDTK3N,3,-2.765950741618072,1.7095921545054897
682,A1UI4WTBYHYUGD,4,0.6555060100171116,-0.9641219717545308
683,A2MAGKKVHUF21F,3,-2.512269883500897,-1.5753823748083804
684,ABRA676PKBNXG,4,0.6914632534361226,-1.4950427264758614
685,A14FNPHPBHTMO4,4,1.2987542261745795,-1.5261622750283448
686,A2FN5DGPDO01W,4,1.824404163495585,-1.329292147703283
687,A35NAFXV5GHZ92,3,-0.46880960711498315,-1.2686868681463916
688,A1AA7FK3DPDDL6,4,3.819993932938216,-0.9369149024945511
689,A5JC41VQDJVU0,4,4.9385858524959305,-0.706435455849822
690,A2W7M00WSI4JND,4,1.9155124451942238,-1.267963626860352
691,A395RVQDH28EK9,0,-5.4682179167254255,5.4520895062016
692,A2KJY8BRDP8RZP,4,1.6790080199381254,-1.4235959894320909
693,AE9C0UNXBV8CB,1,14.040581182882825,1.0900272906254456
694,A2PFX6WO88KTYB,4,5.397765634474036,3.5426482816983746
695,A3IRXJOT9PY6SE,3,-1.1566799240077452,-0.6575191016931167
696,A1L3H6SSKSRNGV,3,-1.0103480187492857,-1.3194271315160278
697,AEHDGUE3L90ZS,4,2.343240176087905,0.3218192269718287
698,A27GPJSZDRQ1ZW,3,-0.03469850890588328,-1.6793198002420926
699,A1MAQQXJZTMSKT,1,12.391338941209721,1.522909346972118
700,AOPFMCP5DXUK0,4,-0.02617998572882213,0.4465829192951922
701,AETQIN7OH0RL9,3,-2.601108393210849,-2.336567757298887
702,A3CSWB0L9ZLD94,0,-1.185226473472406,3.779988334606373
703,AS421KUEDNJ5V,4,0.2921213935131551,-1.8520769197634548
704,A3SS4Y0BDSPDB0,3,-6.210005869754656,0.4234546160773834
705,A157DYI1PMXDR1,0,-5.820631257986222,5.092778853221233
706,A10ZSXTQA264C7,4,-0.37678222567865527,-1.2429945132132947
707,ACWJDL1ZYX8RE,3,-2.733538829952726,-1.0773712962464115
708,A3AOPVQ7EZHTWA,1,10.353822530990175,1.0310053036106765
709,A3USVXMH3QNRLG,0,-5.613192416982061,5.6111826859502205
710,A2IPU94WKACV06,4,1.3691275196252195,-0.9963733873692651
711,A1RPTVW5VEOSI,4,6.069525754243641,-0.06277376107690447
712,A27AD1FFGBVFY0,3,-4.409136209706785,0.11995150246448616
713,A33F2WVDF74EA7,3,-1.8877678162184541,-2.2177133653991166
714,A164BJ2NU1NSJZ,4,5.462578947379599,-0.6131475592649285
715,A34UQQ1DPQ31IH,3,-5.754660332226406,-3.2426492437807384
716,A32NZIV3FHCK62,3,-5.844687015222266,-3.349985708045265
717,A2UX9BF36MYEXK,4,0.47115842504841965,-0.6311778642673763
718,A2SBZZ1HSR7WSP,1,10.626158811905091,0.2662358615866306
719,A3322FTE1MQQGM,4,-0.06021924391797649,-1.8227947077914346
720,A7WNXHL0QNHY7,3,-0.9908908390296125,-2.0308719568365396
721,A1RGF9CS1V8O14,4,0.4433037125165581,2.0722089005757574
722,A1JNNQAUI5FZV,3,-1.7390168854340133,-2.1467968235766737
723,A30VX06O5GPY13,4,-0.3269113000275954,-1.8415234029970977
724,A1B9Q3SNKI6T5V,3,-0.9099120724638934,-1.9819635331773968
725,A3VPJNX40SBP1M,4,4.8601670813416105,-0.7811188084638654
726,A2CJVLER896Q7L,1,6.089050099972978,13.267295359280165
727,A3K24MXK7GFY8,4,0.31436521846616955,-1.605366902869416
728,A16UCWYG4924HH,3,-0.8179645989450408,0.03523983666308981
729,A9CQXTVLHQBMA,4,3.3698392283335292,-0.41330037464864805
730,AW91VDERXXKGT,3,-1.2713853916028752,-0.0012873227873221053
731,AT01FH4U3GP0O,3,-4.573828911130054,-0.06914970700744784
732,A1RXH9W4TZB2EF,4,0.6140648461907647,-1.6188095592796046
733,A2P924QJ8N0QO0,4,3.3240906736345686,-1.0730328578830526
734,A110ZEDSNASVCO,4,1.1324535414485881,2.4239942591301227
735,A1HSW0NIX8VQ07,0,-6.9604597705560804,5.247648824983062
736,AN5QXK8A9F8LH,3,-3.0070733847192788,-0.26231319588641155
737,A38L9I59GH34O0,4,0.2073371688633004,-1.1074252308129728
738,A36PFVYT15GZC2,4,4.316913965672596,-0.9034478822556765
739,A35M5X7LV6QLFT,4,0.5214528265356697,-1.0127545638716389
740,A39ZK4KYML9463,4,0.41542297352638297,-1.0364876355984787
741,A1DYBNOP47KAE1,4,0.3420566971425491,-1.5891200615740328
742,AU9RL6MBM25YY,4,1.2104090813619255,-1.5268559416515772
743,A3QAILPOPQI3TC,4,1.4460884043705728,-0.7943815784419903
744,A31997Q9ABEIE9,3,-0.8792721041087104,-1.8337257077406595
745,A1PO2WOQ0LO73Y,4,0.8209674386881145,0.5240362418858275
746,AASCUHX7YUC6M,4,1.074993804275163,-1.4959827947909614
747,A3DZBMO93FHKTH,4,3.2996247683561366,-1.126089134423441
748,AWQQ1QHCECDJ3,4,1.3177973256859845,-1.4086964176572923
749,A1TJ393OFP21I8,4,0.21650124115212832,-1.7706948710660444
750,ASG42G9QTBUX1,4,4.517767982151553,-0.6981080862867416
751,A307Y5ACUY4RN6,3,-1.9210333868312988,2.063136346050189
752,A14BICJ93WO926,4,5.954338120490519,-0.3554736609302762
753,A341MNU9GWBWKS,4,3.47016224306989,-1.052272571217829
754,A3M9FH2OZKYF4D,4,0.5138892657771227,-1.6620109023331402
755,A15RCM1I2ATTXJ,4,1.7942709392107639,-1.3781916713962576
756,A121QRWXZIO6UP,4,1.03641341509342,-1.5419395653847865
757,A2X68NVO0SGCMC,3,-1.029064070112074,-2.0392575453542254
758,A4M7GUJ0MKZD4,4,4.99472946510435,-0.7378183272073434
759,A3GJ25QG91UI9Y,3,-1.9746037779370613,1.6002694686332937
760,A15RRJL2HT44J4,4,1.469859743793222,0.1565187444089526
761,ADOSJR623FDF1,4,4.557006509845945,-0.8306018813473506
762,A1OV2BH2S11KBA,4,1.458673409743895,-1.6085638261738533
763,ADNKG04OS6WNL,4,2.729067958449326,-1.2165645528381692
764,A1VU51HBF6KIYB,3,-4.130298714053884,-1.3448131992644432
765,A2VDGYUTGIOL86,4,1.7636019423637663,-1.3916797249579396
766,ADRAB7F3AI7OL,4,1.3385291073011283,-1.5880491813594222
767,A14XXL4GMWSI47,4,0.36187654386693685,-1.8509742427541958
768,A38XYO1S5747MY,4,2.0520304099560747,-1.3023067894107798
769,A1DX9PS0UN7EHY,4,1.4110384284415427,-1.5119499336777193
770,A1C92SAQFUBJSZ,4,2.9503947876367955,-1.1516055331195962
771,A24JW33E1DW64K,4,0.9121993474048571,-1.5887275572494743
772,ALLRHBAXXI5BL,4,1.7760628656386603,-1.392182984709436
773,A1XDIC6OQKYJXW,4,3.3141241943575768,-1.087220800124427
774,A2CIR2MO07ZIY3,3,-2.680375411269219,-2.3621532738740276
775,A2IIIAR5BGJF4I,4,1.168679827250414,-1.5425492213555407
776,A2T2SAJS88MYU4,4,1.082591209812424,-1.56384464785017
777,AM67EGOF8ACTY,3,-0.4416113789641227,-1.2660071140568523
778,A18XPD5BM4U6B1,4,3.3239337170193766,-1.077201230088886
779,A2TZAS3A5WIUJQ,4,0.2208177098437292,-1.7146818803800492
780,AM9EL9YBP070A,4,2.5134580895583962,-1.2731169361513572
781,A2HHVYBD6H9728,3,-2.6443549502054675,-1.65154599094418
782,A2YSBRBYSI0524,4,2.4790001770402244,0.7849878446574314
783,A3QK723XT3MJXZ,4,-0.17353742085453128,0.3679011968963343
784,AHUCLL02HS7M5,4,1.3154151042804338,-1.5174773447175798
785,ABBE2DL4IFLM5,3,-3.5615801973436136,-2.757034027113003
786,A3H4S6YO9VNGDZ,4,3.108513871776996,-1.1687146460417566
787,A3SGZO3N7MXKPV,4,1.6913502034491645,-1.3936369736929741
788,A3T6OAYYMN3F1Q,4,0.43962502636848855,-1.709300991934569
789,A2FIYXK97CTS6D,4,3.8792069782915317,-0.9979266373565422
790,A3R6V43G6HAJ0Y,4,1.7189822809268602,-1.3875518358049022
791,AB39UO500J4EP,4,5.74699747252658,-0.5803505934311444
792,A2DG65AWX5RJ4J,4,1.925931056482522,-1.266174071837998
793,A13NWJUMVNS6YZ,3,-0.9853006733554229,0.7970382702331497
794,A32VFJX0MAGKIQ,4,3.5116675642085453,-1.0348310618124534
795,A3EXWV8FNSSFL6,1,11.667848572451874,2.894584569014519
796,A2KXINV90T91L8,4,0.07773690245456048,0.45796138464362934
797,A26NQIGPSFBU5Z,4,1.9464126162230593,-1.3240403475178093
798,ANQRGI79HHJPQ,4,3.1737849496082884,-1.0957540677737463
799,A1O7G2PW6LGL0G,4,4.841918332698318,-0.09161597779025904
800,A95J3RNEFN425,3,-2.3398787701924544,-2.2286355196378427
801,A3CMSCWXZIVJQ1,4,2.8233410668248053,0.38540929811537233
802,A31BL556QXBJBZ,4,1.0890131475161142,-1.5703036272303639
803,A30GZDBGNP2366,4,1.810917290107099,-1.3708647115251285
804,AGKM79EXVZHPL,4,0.33910865868452617,-1.6931126256227946
805,A24VCDADYAIHAM,4,3.1380340662690966,-1.108273963841111
806,A2WZWY5MQTXO0R,0,-0.9578217332368291,3.826140881351512
807,A15N5RY4YGRQRQ,4,6.439240808073352,-0.4126140697138654
808,A2M8T1A4O0GS72,4,5.645170555989234,1.4930338838478683
809,A1U3T27RHRIDYN,4,2.588444722903315,-1.2557158618395285
810,A1N82BBPB5816P,4,3.2096379170438984,-1.0743479359693782
811,A1EMTRDX5PBNCP,4,4.896154159133281,-0.10480344749723836
812,A2UYE434RFINE,4,6.261173531717595,-0.4894532735815876
813,A2IC4MEKF2Y6IF,4,1.844759979879742,-1.319562526094718
814,A19WXFFQMKES6O,4,5.36122753466102,-0.6631390705820591
815,A27KQGXAU8Z7OT,4,5.474411969028974,0.5923601110946858
816,A3IURSDK689G7M,4,3.445408149471256,-1.0498441983805091
817,A13KBLFF4IZF7H,4,1.2252128100555737,-1.5498193578776036
818,A2Z15UQEUTE3T9,4,0.45564744639922544,-1.643284090571764
819,A34BZPTKSY68PB,3,-1.4513638769714168,-0.03132992544810308
820,A2AH7HRHDTQENH,0,-4.543141906967126,7.087923365726137
821,A1R1F7IOPSLMD,0,-4.866374877165214,2.0453494668755043
822,A15WZCSME5X74S,1,12.603514123624377,1.005354796174364
823,A52GGV55KT8AV,4,3.5353160165524535,-1.0414726030917545
824,A1WD8RFNIGRPDH,4,0.32394872236402955,-1.844333127936258
825,A3NTAQ473SV08U,4,2.6976730466079664,-1.2104960686389175
826,A1GXG8FTXEA72D,4,0.37698800718983194,-1.6365864597672766
827,A2895CKKVDHVDM,4,1.506113681182691,-1.3835674796555928
828,A1K2VGY3VJ6XI0,4,2.034405820430506,-1.355087068874682
829,A13T4T3QOSII3I,4,3.916257695363579,-0.24490048000900108
830,AXU9VX024GPSS,4,-0.3102001147299906,-1.8272453006123415
831,A2XL6TZM34HFV3,4,7.118225713665735,1.4093669107804991
832,ALA9EIJ7G1SCF,3,-1.0913025397173661,-1.3792812133314334
833,A1CF9IF5FWYNU0,4,2.449256272482711,-1.2977519370519488
834,A2D91EJR5M0CUP,4,4.7163390201038915,-0.7955286068678253
835,AFB7MSIPJIW68,4,4.853045396851399,-0.6768988320958448
836,A10FM4ILBIMJJ7,4,5.124438167957634,-0.7296146828484694
837,A85AE6BNHXAXR,4,0.14529789606120846,0.4736141968919037
838,A1Q94IXHEGQDV7,3,-1.3600455525405981,-2.0458582788891606
839,A1L2S18BTJE1BZ,4,2.127567324566353,0.863815081053897
840,A3HEPYV00SNCQA,4,1.9059501038042963,-1.3606922299506616
841,A2O52ICJCRQYVK,4,0.517537936282565,-1.5391956698173235
842,ALVO1A5UB8DG0,1,9.24822904939144,0.09802801172980805
843,A1AGIP0FLI2VZW,4,7.654604503250605,-0.20366076393878427
844,A3HKZSCGFU9T2A,1,14.934427146668797,1.3197961620260399
845,A2AWJRUEY9IG4B,4,4.884752098304774,-0.7576024118559691
846,A6GXP9ESXIH7O,4,0.3483245665166554,-1.0754715745708976
847,A1VOONTYYM0SDA,4,5.971711220818732,0.11714202677786535
848,A1EQYR35KLTECN,4,0.9355135409039094,-1.5567957344552572
849,A2Z3FDWL7DQD76,3,-2.0321421134968536,2.1646484486564512
850,A2SREOQJ9OEDLE,4,3.440125385361895,-1.0365776549859176
851,A9P4Q7KX35RS2,4,3.4207916102952334,-1.1283588326880838
852,AN5ISBOQ5U7C,3,-3.3994131909029277,1.76183063408995
853,A2U67NUNCRHVO7,3,-1.2267408221906948,-2.012476561196552
854,A38UFP5UJLYLMC,4,0.7826843776844785,0.4316022024519592
855,A2GUE6E3DUYX03,3,-1.3585142443003793,-0.31279447455750203
856,A37E0KYNJQNP1E,4,1.288929677730457,2.769659961445549
857,ANU2BFZ9STYXU,4,3.374628494222799,-0.9327362499220531
858,A1HTV2563HTSQV,4,2.1408891703253055,-1.184672915874617
859,A3G21YYF2EXCS8,0,-5.41344871605812,5.3917126129381385
860,A2QPZKGUDE7RJ4,4,2.032656456698147,-0.588207904883765
861,A2KKZHISX9YKMI,4,2.1395820918987796,-1.2866757152235877
862,A2XKROL6XBFHT3,4,1.9091215043394538,-1.4034255421593207
863,AKALIDNS3NMZ7,4,1.9353205114101346,0.8172974622087957
864,AKT2VSLZHDD81,4,6.823109201243707,-0.3444729261661111
865,A3UFHRHJ82TL1W,3,-1.2613486836625858,-2.0628857164856638
866,A3SDJ70H00OQCJ,1,9.016515904052433,-0.07567008440189074
867,A35P0LNBJ0WUPL,3,-3.4467834738101355,-2.5619262560611644
868,A21GCOGHDQNHQS,3,-0.8740924789627446,-0.5597127242562917
869,A7IBOCJ0K4V8C,3,-1.1949889917433012,-1.3671748887669675
870,A2UDGB5BTYY51,4,2.101882510492587,-1.2321493624730027
871,AHQTXJQX2584I,4,0.23960011565425268,0.4659460187708023
872,A2AJKYCZ1WC4UP,4,2.097543230067906,-1.343033213363873
873,A3PQULECO9OAV6,4,3.585788624583148,-0.9643420296135735
874,A109ME7C09HM2M,4,1.3910776977683414,-1.5335084327562118
875,A30J7WQV0ZNRXG,1,9.276391209682835,0.12166588146109852
876,A2Y7BSQG9V3LNG,4,7.557053477696475,-0.15033094034420072
877,A3MZWM75KSM1P6,4,4.830954090244402,-0.7758693156549458
878,A3R8XCQYDNQIAA,4,3.5527853568610372,-1.0218559703032983
879,A3VDSGNIS92OVZ,4,-0.07254424548604868,1.7742838813964392
880,A2ZBSEZ211C4QW,4,0.5561646326877118,-1.6868489428422602
881,AOY459LVUBKLO,4,2.059461713734779,-1.323060312094395
882,A3UZITVEOSRRHD,3,-1.1085244972978618,-2.0665306369098837
883,A6KYDNP84GGGJ,4,3.666816754727702,-0.8011694234370194
884,A3BEKIXEMSZ9PL,3,-1.7513200107291826,-2.2548595348880998
885,A1N46MR82AUE4T,4,1.4623308104151345,-1.4578479446449586
886,A1TSKKBNV38E8Y,4,6.508228017390515,-0.4562802722776492
887,A3LOJ2QHXITCF7,4,0.5216137372663079,-1.6690826656608522
888,A35HTG0YUEKFGM,4,4.610218037389206,-0.8061369903366334
889,A1VG6TG6LKBPKP,4,0.39457332166952164,-1.7194364793029826
890,A2158NV89I72OP,0,-2.3324646970729925,4.023935645428446
891,A34KO3JNKTZU6Y,4,-0.2085022340211195,-0.26460657925783504
892,A3A3ZCWP7Z4V4K,4,-0.3241057667729158,1.7703719227459866
893,A2S9M3F1Z2XIQG,4,1.3725302869233214,-1.4823866357034878
894,ASNGOBUI6WHNV,3,-1.1274308125783377,0.10281120738575619
895,A7ZP18XOIJADI,4,2.604305512837644,-1.2206175427378405
896,A2TBAUW2W7J538,4,3.3321546747450532,-1.0423543501010293
897,A256QA9N8ZK520,4,2.1473207742216744,-1.2945347303704573
898,AWKVQQZKTRFAL,4,0.42390867369749097,-1.7416520036277463
899,A3N27L13CWJ9HY,4,1.2281872843019215,-1.5082609366376578
900,A2G3VQU2GRN8BU,4,0.16241527126842256,-1.8048227599680016
901,A3P2J1W1RBUX6Q,4,1.0986913847923288,-0.9610759297410455
902,A13TQHVN7WBUPD,3,-0.968103662986411,-1.322316132771911
903,AXG9N4QFS4QYP,4,1.3454631988107046,-1.5235640871409548
904,AZMHABTPXVLG3,3,-5.759559431614819,-0.19578790076442823
905,A2E9IR4TGNXY6L,3,-0.8781957959052126,-1.3139445374831555
906,A1JDT2X4BYHZZL,4,2.0787047829254233,-1.353109752004765
907,A3SMT15X2QVUR8,3,-3.2379006303708366,-2.441169444370147
908,A1EWYZI4ZHU9XZ,3,-0.6760912577157637,-0.36714301962525103
909,A2RCV60MNI5VTV,4,2.0019428789038187,3.60694677681329
910,A136IQFGB01KQB,4,4.385028379162678,-0.7116256291088254
911,A7IZNVL7JXLM,0,-2.593438828672216,4.746592097635746
912,AZVME8JMPD3F4,0,-1.7860911364185184,4.16873652136027
913,AENULRBQ2IE5I,4,6.373529107283148,-0.49432881762580544
914,A2BB6IKKR4G40J,0,-3.30206611574111,2.3159067300378195
915,A126XEMCLHPBNZ,3,-1.1899307654987026,-1.9526712132515802
916,A36OSNJ4YJSGEP,4,2.2170751303256,-1.1734974976583579
917,A3VINMY1DIEHL7,4,-0.31692896244135577,-1.7973820379359609
918,A3FUKVX3B48315,4,0.8155014162945959,-1.5406908764040295
919,A2QMNA0ZT6XMRR,4,1.387326409932436,0.4862432993306546
920,A330W6L217G0U6,4,2.995285503827837,-1.0594905277034674
921,AFBETARDFURG,4,5.750252074099944,0.10468949926329851
922,AWV58YYFEAUL0,4,0.4113083962016393,-1.5955428514626697
923,A21DER2RMJIDX7,4,6.504082836240845,-0.4391727212826963
924,A2FC9LNES7BVOJ,4,4.028108197394229,-0.9256431832712113
925,A1SFZ6FGGM3D2U,4,-0.01186662115819535,0.23203730107947773
926,A1NN5S1D0ZTK6W,4,1.9605506058510729,-1.349865849122998
927,A2FCEH4VOA71GU,4,6.2531318725107425,-0.46595208726754583
928,A14CQY582WMP7O,4,0.40393397436314527,-1.7693647582556686
929,A1XJKAH0QCUVWD,4,1.958762530136894,-1.4284805751891079
930,A1JJ61UV88EAP5,4,1.333598617988252,-1.7252863132483702
931,A372X4QU0YYLSM,3,-0.4225734851726582,-1.8647465429318453
932,A3JXFUXN03IUT5,4,1.954820396912276,-1.3598878685648341
933,A1LHKVHP38M046,3,-0.900022339746364,-1.8919670883953306
934,A29PEU8AQGFQ9X,4,1.8445647350629277,-1.3480771662118691
935,A2DE5UPQJSIPKR,4,3.231594851019757,-1.0908409173309503
936,A386KVFXZR6XL8,4,2.2155938174125542,-1.4095914907359575
937,ANADY67KNW4Z,4,0.27075299577640666,-1.766616668438639
938,A1GXJW4152V4LJ,4,4.287646838221141,-0.8968015561554301
939,A1YYGXVZA97XFO,4,0.3491626262948176,-1.0513601666696348
940,AJO5UGNMFVDJN,4,1.105407533737021,-0.9283091490970207
941,A2PTJ004ZPRVHX,4,2.0564576684577633,-1.310517445372927
942,A1URXSRV6WDHVY,4,1.9887116849755615,-1.3128970012174617
943,A2PX3NR1IVTXPG,4,1.2505612445544578,-1.5300318720582295
944,A2SPZP1PYXBR28,4,0.6593903505443875,-1.5442745292540285
945,A6LFRQ7HMWS1G,4,0.9728645132907168,-1.626385430933723
946,A1BS6JMSKOYWC9,4,0.1152297056142449,-1.6880555800581671
947,A37T74W067OYPB,4,1.4094675691462581,-1.500857790938286
948,A20HEID734XSTW,3,-0.725102540142308,-1.9970701735376024
949,A2R7B3MUR22USI,4,1.6641536157818142,-1.3990867214242821
950,ATJQOAUHB5XB8,1,15.020300970620857,5.0796828364543325
951,AJH2W783HOXZV,3,-4.096433635745235,-0.4455033934136328
952,A14HVB7CVCYTIY,4,-0.059708089912841655,1.1899602965681502
953,A2VSNUK7YLRKRE,4,3.030790630714253,-1.1854605289206364
954,A1HZRYGGNMOWRQ,3,-1.0056591444737928,-2.1020280726186593
955,AD4QZUGLI9OSK,3,-1.49279992936982,1.1475612996184437
956,AAON97IT5IHP2,4,5.474591841534864,-0.7465644661353698
957,APQTAELJ74I07,4,2.0614156521004974,-1.3273830985511732
958,A2CARFAX5FNQT9,4,2.7738626008773535,-1.2306801123902944
959,A3NK6WKA7GKRZS,4,0.6421692002781368,-1.670377545414491
960,A2SNKWR5D203ZX,4,4.097789297249953,-0.8482986340819638
961,A19AXCVXAM7NM2,3,-2.003283444473988,-0.40277239312930113
962,A1LCG14GZJI5LO,4,0.9269898345725316,-1.6234107871005286
963,A1FO10Z93GKN33,3,-1.7237536491036867,-2.0924288598078467
964,A3D1A0YHTT0E9G,0,-5.233993551922055,3.57137425205983
965,A2Y4PRG2HHOL3G,3,-0.18774043202444265,-1.8178439921787959
966,A1ZQVN0F0FURHH,0,-7.800918541049389,15.660765776707983
967,ACWH4WJMC5UFN,3,-2.8155515741087074,-0.14906791086125307
968,ANZGC4YCEQC6W,3,-1.0753307472031903,-1.3363494758849888
969,A1F5HMIDLSR3EF,3,-2.7780929135354278,0.5809854066987775
970,A3EH9SDPD1FGEA,3,-1.0601480665465812,-1.903097780973901
971,A30HTJ530SMRB7,3,-2.7003691036119712,-1.5022216869816138
972,A2JZY5POMJADL1,3,-4.0345585950855725,1.5543199051856873
973,A3G6KKDMMFQQ5K,4,2.016861361648101,-1.2846304443926362
974,A3HKX5UIDJ403N,0,-6.226125957710054,1.943843529619802
975,ASEBPAY8IBNI2,4,0.7730175992117446,-0.8455244245619904
976,AA4BAIDEDJI3,3,-3.8117614204214907,-2.505383211680093
977,A2H629SI5VJGRM,3,-5.7508458423455435,-3.178546053513099
978,A2R4YQNCYMS8M7,3,-0.32372473446255895,-1.925233488108843
979,A1YAR5PTXNRA7X,4,1.015184616717147,-1.6533399823875452
980,A1LJXZC1RFW07C,0,-1.8972882466123924,8.14673889456265
981,A2YWZRHDA9KDS4,0,-5.209366537088349,3.4764286111022895
982,A2U7DXDNYBBLQJ,3,-4.033666818543176,-2.6690216149354926
983,A146H4KN4LFR60,4,5.228842682298534,-0.6670200153989732
984,A2Q6KC2KU2T0OL,3,-0.9769717101929856,-1.933074929659758
985,ABKNRVFFLEA3M,4,2.0084126533703595,-1.3247050667168307
986,A2MVPY9XVYST9H,4,2.1217545011966528,-1.198679512670189
987,A3923UGIPX0QQM,4,1.1475424700701844,-0.2559027874234364
988,A1ZD690RCXOSB,4,-0.320124930474939,-1.8216212590568732
989,A2JMJVNTBL7K7E,3,-1.9228876261608618,-2.331178726451857
990,A22T4H0CPT6UJP,4,2.752315798618699,-1.2170749234489067
991,AMEZJVXMSEPY0,4,2.020008942695199,-1.3147835667153112
992,AOMEH9W6LHC4S,4,6.275512255189084,-0.5630703766841498
993,A1JOANG98KBFKU,4,2.1297241771816644,-1.2818074301913267
994,A5SRLPK9A3LG,4,1.0024697547759645,-1.5414965280404966
995,A2PBMCBT1R8TTL,4,1.0590879756934417,-1.637427103842309
996,A1WSFFFG0SL1XJ,4,0.39182410828721526,-1.6917663465152022
997,A394SBIRC4A8S9,4,2.0480236162827907,-1.3479153619107362
998,A1SMCTGDM2LK7X,4,0.16506508796152974,0.2754798834067533
999,A2E4JXFRLSUX53,3,-1.7860945079707675,-2.2047384763221727
1000,AODIJK065X72D,4,-0.30771448415412334,-1.9110842147698521
1001,A1NBZI880S5VXU,4,1.2296100699633472,-1.5455730439457838
1002,A1K5IL77GZEVKQ,4,-0.006505237801382995,0.23681049570528506
1003,A39RL01WOC0Q0Q,4,2.5152919403454175,-1.2634783578614486
1004,A3KOWHTH4J4ZIK,4,1.0441798532714452,-1.5733721034277242
1005,A27E9UEA5ZMTN5,3,-2.064983554143283,0.04315018670713804
1006,A3NRNJN4GAQ2V6,3,-5.67626177912138,-3.1225379024225197
1007,A3V2GMLAKW4X4Y,3,-5.333110033471135,-0.26521537852461674
1008,A24FQKYEPUQBRG,3,-1.097037085956392,-2.1703302897966394
1009,A1TYYT15KT9TDQ,3,-5.571362683553847,-3.035120591615926
1010,A1QDSJZQWJZOL1,3,-1.6574267181372797,1.0721952250898823
1011,A3DOIOHQ19H1BP,0,-6.897144000238551,4.5289746373891395
1012,A2W8OGJDV7TCMT,3,-2.7552047378815803,-0.8931294948967494
1013,A3TBMAWIIHKHFN,3,-0.8825300317327884,-2.331965345012892
1014,A2WA8TDCTGUADI,3,-1.788817945829126,-2.1432290148993824
1015,ABJG6JTYTX9M0,3,-2.589994407646583,-2.442509846518345
1016,A3DLRCC45S85QN,0,-6.211026561400941,8.624314076714983
1017,A1YR3RVSBZK8CW,0,-4.5063685420172614,17.3062773157556
1018,APVLFUAI3IDF7,3,-4.734120968645879,-2.7139322542616675
1019,A1T9A8YD2FU9UF,3,-5.497263517864687,1.3587628281606667
1020,A2F42NSN3HKRCU,3,-3.20900006017202,-2.4795183957199267
1021,A25QPZOMZTFFV8,3,-3.692096469126532,-2.811480690296051
1022,A151EUL2C4GJNE,3,-5.016492871061029,-3.1538386460784267
1023,A3HMFQWM9Q21SD,3,-3.841515972144128,-2.9787928553959193
1024,AKGWRO6IC0VIE,3,-2.8124331003952556,-1.903952575019537
1025,A3AZ44SMA0QNW7,0,0.6036807956145779,4.569669048874177
1026,A3DAURGJAL0Y0S,3,-6.162197602808164,1.3021525153804494
1027,A37WW789WSY81F,0,-6.307697894128961,4.860642143546995
1028,AD6FULWPPOJ3R,3,-4.9718467716328885,-2.9861267603729047
1029,ALYZ6K2FC7VZC,3,-5.774700763622879,-3.2771662608831806
1030,A3G40OIPT4I040,3,-1.488578427351412,-2.0989350533688613
1031,ANAOLDUUS8E3G,3,-1.880410864067915,-2.045407493002361
1032,A22810LZ1TDWH2,4,4.793793344290557,-0.8742282080027693
1033,ATPP3IWN4S9PW,3,-1.0335210159159807,-2.0461553345244092
1034,A30KA8I5AHSKJZ,3,-4.161485312128576,1.415942210492823
1035,A2M1BW5AQLJLOB,3,-5.490565785080601,-2.966047793093116
1036,A178O10M2U0XDC,4,0.25447977199665855,-1.091215523491342
1037,A1HJ1H7EIPFBRK,4,0.5396904699334173,-1.6530021937998611
1038,A2M93TVNC93C3P,4,4.606391167918443,-0.789806038109811
1039,A3KZ3Y88P6CAMA,4,1.6231019204823547,-1.4661515913477692
1040,A2P2ST28QAZMJI,3,-1.0924413263032204,2.090898658635623
1041,AJCAVTHZFM0J3,3,-0.7803941641539484,0.2617843647978268
1042,A3L0BF1DJ22V9R,3,-5.412558117546642,-2.8103229335203896
1043,A2VAD79S4A06DD,3,-3.0954407516511973,0.585504111640984
1044,A1NJMJNF0MOBSL,4,2.9868134935303376,-1.105031293510766
1045,A2F300193C5XH9,4,0.8727623311152759,-0.9140503194403876
1046,A2S8G6OVAK19EX,0,-2.839532604968294,3.748084030932775
1047,A2RNPVQP4EPGRZ,3,-3.5646563817148613,-2.7577758797674954
1048,A3UJUX6RZ9WVCB,4,1.3624892599967948,0.5960461693798466
1049,A2U4KTDIVI8KMR,4,1.7980024817672375,-1.3815425466846056
1050,A3IDC5FP52KJWJ,3,-0.5730999292026953,-1.1416180738365287
1051,A2OTSI6BXB4CT3,3,-1.1689385169007176,-1.4389117907267222
1052,A18DTTRCYR8TD7,3,-1.7917127959265633,-1.995851368760631
1053,A34AJKMVLJCOSI,4,1.8342900497990466,-1.3627340394678804
1054,A3SJP0GZNZJ0XE,4,0.17940143519603272,-1.0391074782361507
1055,A2ISZAYDM4Y791,3,-1.7433806022748415,-1.495217072269697
1056,A2E2KYE92LF0T7,4,1.7362935073552583,-0.826362252450469
1057,AX11NOUMV8G95,4,2.662956868628839,-1.2768020293826583
1058,AB7WPLA1CN5I1,3,-4.208199479031762,-2.9075198307393713
1059,A1VBRBWX7SVCVX,4,-0.26287155944510143,-1.2166580329719363
1060,A2BHAEL2Q4HR4A,3,-3.112168172155338,-2.3453075597406463
1061,A3A4UKJUP34E18,4,-0.32571648069084835,-1.8282735033524213
1062,A2FY8306QHI5LE,4,0.5981671460958173,-1.5853989071017958
1063,A1JCRZEQACX4V4,4,-0.5654788230062199,2.916821995038479
1064,AZMIKIG4BB6BZ,4,2.1181278878568244,-1.2917289301928458
1065,A1RPGT25Q5QSKU,4,2.7186632403651845,-1.1824459396564428
1066,A2ZGBCQPF5Q17N,3,-1.5642313379909174,0.6609431940784504
1067,A2VRAT69JDAD3W,4,2.102718628139735,-1.293833466472232
1068,A3L51MT8QKSULJ,4,0.20912093305183493,0.49151613034791053
1069,A306NASGVUDFKF,4,2.6027678824131932,-1.2601200191956823
1070,A1CKZGG8OQ2DTS,4,1.9212602691660947,-1.3402371467800813
1071,A3VG7F7SZUK87S,4,1.2435943880385854,-1.5282815711500966
1072,A2101DHHDMZ93X,3,-3.231744540417044,1.7810066008639183
1073,A3IY9JZZ36OQSV,4,3.7155868963827148,-0.9471603517088408
1074,AI3UHRU7ZBXFL,3,-1.9239402517934994,2.141271894953057
1075,A1ZMV5QSAR8V2L,0,-4.497807223229961,7.66365460834357
1076,A6OLPMJ9HH4IP,4,2.0023528397723562,-0.7417153771310655
1077,A3H4PZB9PGMWAA,4,4.083448250754905,3.3263243703881233
1078,A27H0T39U3FZB5,4,1.8676750200660825,-1.3460798057395258
1079,A3621QMU492VV4,3,-3.3015093149134063,2.0414380959434357
1080,A52REIMRM97HV,3,-1.3030464710841452,0.21528157634958392
1081,AKAVVQMXSAIGX,4,2.142158138441344,-1.2992489579629956
1082,A1QN075G0OKBWJ,4,-0.2571202176740767,0.33668127784847085
1083,AQK01UMFP9MND,3,-4.215720581066555,-0.6190350928550542
1084,AFFH3F0W6N3MY,4,0.3673297143341283,-1.7383596598166586
1085,A3W2EOWTZVIGC9,4,2.199544404718407,0.6812315574900298
1086,AZPDO6FLSMLFP,3,-5.726895786563483,-3.115844993595324
1087,A37KJ0QD8HYF7A,3,-5.851610895948387,-0.9866597466712117
1088,A21N9ACLVOMDLP,4,2.7154103380865355,-1.1391952801214729
1089,A245MWTMXYXXHY,4,1.7616390473902461,-1.3970665103265294
1090,A1ROUMJOGO4QMB,4,1.146286108132561,-1.428612993546394
1091,A2T8JRVJRVNX8R,4,-0.3280495119748046,-1.9515826256792819
1092,A355HGZDEPHHC5,4,-0.17371224749959027,-1.9230886960214837
1093,A200D8BOPMR35S,3,-0.49930785813809514,-1.9708709027983298
1094,A2TSUJLFHB61W3,3,-1.0523933413795752,-0.038189851335696884
1095,A3177U36QW4EJB,4,1.782842113678952,-1.3952843579383727
1096,A2BZQNBV8UDZ2C,4,1.8311620683088223,-1.4225550454866467
1097,A2HBAYOAKSXIY2,0,-5.033318805060085,3.0290202722724726
1098,A3RBEESTJUZQ6D,4,0.5838475471871487,-1.668438905950175
1099,A3TN5X62JAXGFB,4,0.6956785110381617,-1.5268506855380017
1100,A8OBY4EP2OCDZ,3,-0.8796400366699327,0.9310557619407972
1101,A20JJ8634DG3FS,0,-3.9613063851910253,7.648935380501238
1102,A1WHGNU87BGJ2S,4,1.0777398132269513,-1.6101122482266992
1103,A31JRW1DW3SZ2K,4,6.532584028073995,-0.5060543724821265
1104,A2JRFV125VJ71R,3,-4.2007867189961505,-2.7672715641049503
1105,A32H7YO8K1XS9E,4,0.27904391390527955,-1.758811552568057
1106,A2WJBUGJ39ZSC8,3,-1.1716254871278813,-1.349431694745726
1107,A1P11QY9RR3IA7,3,-2.7212044463742124,-0.626641555899154
1108,A29B4PAIOL7HYG,4,1.9250319008100012,-1.3415153106476418
1109,A13IKQCJKFAP5S,4,6.630844786740791,0.122130465220292
1110,AUOGMXLRRLVE1,4,3.405428778386818,-1.0729633578505287
1111,AX69H7INJKE76,3,-1.0850260541404135,-1.3444789071813854
1112,A3KCR3MWWKM7C1,4,3.3118933282293352,-1.0904716748323307
1113,A342XAA3YXGKT9,4,1.5487348135725747,1.0805318990867023
1114,A3G9836LYVXE7A,4,1.231711811776239,-1.5827030644684659
1115,AVOKN4NDZCN78,3,-4.135661125246767,-1.9753915653492535
1116,A2WDY3XDWDFNYG,3,-6.20131623199038,0.7609556755876075
1117,A2LXCPYCPZJVW4,3,-5.585821975733824,-0.9633369902590423
1118,A2AM4SM8ZA1D9W,3,-5.416261739477632,-2.7150459709460804
1119,A1MH7LD4Y203Q5,4,2.2946289264118342,-0.5032991017208293
1120,ASGRCZLCNBELE,4,0.4075105597502295,-0.9557357101837932
1121,AHF7SNSZPRNCE,4,0.058372069369863465,-1.9655772552559465
1122,A2LJ6YNOZU6ND,0,-7.818241358024872,9.243438931945061
1123,A1VEGHXI0Q61XA,3,-3.8516729719697995,1.806665517614219
1124,AO7WPPUO75BBK,3,-2.6002282092852593,-2.059020560658907
1125,A3B4L653KYTW55,3,-2.7907743539781023,-0.14937166590875744
1126,A1KO6FM2PGCYC8,3,-2.1179279741912103,-2.184934288485003
1127,A33PUQETQAM8XT,3,-3.906210551319448,-2.506435879604077
1128,A3J7KKG9O7KAZM,0,-4.057509613951968,5.065735924323105
1129,A2C6Z7M3RMUG45,4,1.8465894585466816,-0.6353879361264205
1130,A3AAUG2Z6BD186,3,-1.1781803879822805,-1.985338908000237
1131,A3R4794K2RVU1S,3,-5.6900370459671255,-3.134435570665182
1132,A10E3QH2FQUBLF,3,-3.268379606871657,1.6682157231300099
1133,A3FMD34MRUJJ3I,4,2.015746899002281,-1.3262813879429718
1134,A14FMSW73W220M,0,-5.8508168442717405,3.4705852573116385
1135,A25T143MKB0K82,4,1.8629712814002781,-1.357229090179887
1136,ACXJSNO821XUG,4,1.297591957626208,-1.541877171041955
1137,A18X90KMZ6KZ3H,4,0.8897886499292064,-1.7006246523285748
1138,A35CRCL7WVUCYG,4,7.941369688231072,-0.10012616603970922
1139,A2PP4G3DLGDD4T,4,1.1453454767435531,-1.5414845572057545
1140,A2EQ8GHKXEF141,4,5.764835991215135,-0.5326701285246731
1141,A1A45K51O5W6WS,3,-1.8362206315947536,2.2681512040679963
1142,A3CG1XH8G9AFSK,3,-6.0677531691743845,-1.757075988438371
1143,A2IFKMKKXV8AVU,3,-1.8440216175255395,-0.1169238277386328
1144,A2HIRKOAFQQLBE,4,1.4764304464707454,-1.5368509973432236
1145,A10APIDAZISWQF,0,-7.45284898355233,7.320507857895674
1146,A2206923NH9ZDI,0,-3.2152153553921505,5.099028546704177
1147,ATSVUBE2115N1,3,-4.325108719426186,-2.9475725255288086
1148,A2BRKLV7FQ1HVS,3,-1.48428691210873,-2.3920645540812693
1149,AWYE428W5MRQN,3,-5.089150740517406,-3.130615682603259
1150,A18ZKZXXA3WHSJ,3,-5.575333620870522,-3.032203502989832
1151,A00625243BI8W1SSZNLMD,3,-1.2360218913624592,-1.9739520403785855
1152,A3PGVJF37JSHFO,4,1.0152126833591397,-1.6699513063300777
1153,AKPVT396SPLII,3,-3.5197902281360776,-2.646312293486137
1154,A1MV8LXEXO8EWC,3,-1.8154462898721937,-2.0676890222041027
1155,A3ARMRKIJUQ6LS,4,0.8441840899324147,-1.464061091696145
1156,ATB2PLCVQ2XC9,0,-5.570208755324388,6.089976182554767
1157,ANAKK5KNUAP17,0,-5.5546462120959115,5.011709007225773
1158,A3GTUNDBLPC00I,0,-7.190132288581723,6.256368249335197
1159,A2Z7S8B5U4PAKJ,0,-1.9056069869070174,5.649873713072029
1160,AM870TTAD2RFT,3,-2.8276070072335164,-0.1446385949879734
1161,A16MRPHIU3JUXF,3,-3.0010972276299417,0.9745379228327001
1162,A2K5JT08E0WTWR,3,-0.9864176689482475,-1.9593930235063335
1163,A27V6PS7Y83OIV,3,-0.9879109940074131,-1.996261309714461
1164,A1WSJ7PT9GTD6B,3,-4.0798108804572495,-2.6225604597713184
1165,A195TE92PMQTJ5,4,0.5855343834434781,-1.6423736583004214
1166,A2E3Q52SJS00K2,3,-0.3355525664628982,-1.7389876189521984
1167,A1BI6SL4H95QI2,4,-0.01813592465134137,0.24967254100374087
1168,A1JN3UIUZAHF7V,4,2.070830387474047,4.865844127757488
1169,A1T4U9CAQ25IBR,0,-3.867856316685637,3.7189273685870288
1170,A1NMFQP9ZR23AH,4,1.0188035241167313,-1.4634086926554355
1171,A2QEH1K92PBWMQ,3,-1.186629160091073,1.9981010896105402
1172,AUH2DKYUU7KC9,4,1.1562723412485107,-1.52491435321634
1173,AZAYBFPLEDFL7,3,-2.753152427061181,-2.5066977878051135
1174,A1SJ32WZWVEI61,4,0.2946814047036934,-1.7550493254900381
1175,AYJJDQQ4EZ5V3,4,1.901752949789977,-1.4182153964283062
1176,A3QEWM5EWFPTE9,3,-1.9706525939701047,-1.5604024334647597
1177,A1MU6PI3YDK8H0,4,4.237062177936723,-0.9553777454385687
1178,A14UXBBB68V9R0,3,-0.9515974864855701,-2.028769616934642
1179,A1WJVU9KICHFI,0,-2.3401839078489117,4.884780736404922
1180,A36378CQKPA2G,3,-1.7764133858266506,2.332047721301427
1181,A3AGHEETVTCBQI,0,-4.586898859640812,7.261396205467804
1182,A2P8WJLFW9NDYN,0,-5.0268766720896405,2.8247732599775035
1183,A1HR4TQ0HAGU8T,0,-3.4904364385477047,3.0552869916998553
1184,A2IZ3ST24HSO4H,4,1.9697731407949242,-1.3427902964946543
1185,A3G6P4SJ8SYH9F,1,9.551573358629678,0.20271243067995373
1186,A1W93CKNN8D6L2,4,2.70495955212151,-1.1997691571280291
1187,A3SJ2NETSL6D5R,3,-3.3242505089869425,-2.439808151014931
1188,AXMYGK3WC8BPP,3,-2.996605354835919,0.4404581042908452
1189,A2I9SZ9A7Y3I4G,3,-2.926480139020969,0.37238009837348324
1190,A1TF131MUR8E2E,0,-3.789355988259744,2.9981406641440813
1191,A2VWNZNFV8QCP0,0,-3.4149003391314325,2.3924659965015476
1192,A8DCZN408QYKC,3,-1.9293668786696947,-0.9226238632145264
1193,A1V3N0LF1QGG0X,4,4.585857532698167,-0.14221661986663886
1194,A14V6CXN8ZWZOS,3,-1.4173098798068433,-2.250750988299582
1195,A2XSWF2AJSXQZB,3,-1.8611194363115808,-2.205616266728157
1196,A27TXR7VCI5FKS,4,0.3486521593534345,-1.0454779985071914
1197,ADETB8KEATML7,3,-0.8639145738511667,-1.9400651575328287
1198,A19SEZVIVAMGVZ,4,1.1476921190378009,-1.6079129960737395
1199,A3QO0ZJPSDMDW3,4,0.475702768046948,-1.653417876934267
1200,A6M441DQ7HL09,4,2.4173476912219494,-1.2732119384211207
1201,A28X8QQ97HM6CX,4,0.10664770049979265,-0.42737312942856975
1202,A36P367G4ZH6Z0,1,8.130086544328886,2.2916124330669434
1203,A3237FOR4LVBZO,3,-4.647283619336162,-3.166716674447967
1204,A1ZV3RNQH852U2,3,-4.470146782282764,-1.1994204983499748
1205,A3CVZRPQH1PFQ5,3,-5.733984690557196,-3.166321966623472
1206,AF7AQHLX1UV1Z,3,-5.795455126645966,-3.237086710111524
1207,A4S2GMZIQKEHY,3,-2.7189927118305004,-1.7938158489036773
1208,AJGIN15VFGXBG,3,-1.0907103683941655,-2.0706542805583465
1209,A3W5BERPNVRXR6,3,-2.4636988255857597,-2.3039553206706267
1210,AVF06892OWGJU,4,-0.10457684238332811,-1.8406399433015095
1211,A1QRF5KISDOKPA,4,3.4089498127790643,-1.0688178274939444
1212,AXTOICJWZBAJ0,3,-0.9511353475759574,-1.8602274364525948
1213,A1BCRHGUE3ZWEU,3,-3.3614797795440707,1.5949340312768572
1214,A1BW6F3GAM38XV,0,-6.648559984734101,3.169523058958292
1215,A1SDGIC08LD6BW,3,-4.186178055382123,-0.20657330808882932
1216,A13GMS7FWV3TQ0,3,-2.2487780440195966,-2.222513852666651
1217,A3KX8SVSUCSHKU,3,-2.2609998551108124,-2.062797980357793
1218,A2VGVG7IFBRSML,4,1.2311932325679313,-1.5418150872766194
1219,A3N7Y9QXT9LS9C,3,-0.765889033997947,-0.43394410923515486
1220,A1KCRFFQDLE7MA,3,-2.3897545678421723,-2.252822212497351
1221,A26GUM1C5M1E51,4,6.398012496134056,2.2069293476373795
1222,A33LV2M1PAJZ45,3,-2.416678991862603,-1.713401237031241
1223,A21M5LI1AU7184,4,0.4914557345043157,-1.8019661567606369
1224,ANVQ2KPZUNR4R,3,-1.7150930618550655,-2.2276611042167835
1225,A35QR07ZW63T65,3,-3.174929649276791,-2.3955483969616704
1226,A2744KNJHWVXMZ,3,-3.960525774768489,1.1508603104823503
1227,A2AC3WEXSIOQQ7,3,-3.6580322123878384,-1.0429958948010947
1228,A38SICZYZTLDQ9,3,-1.3983373413006754,-0.08807905244035681
1229,A1C6T412QATCAJ,0,-5.312793627077948,3.287822621571504
1230,A2VY4F62JE9HCJ,4,1.6544118980836107,-1.2834715685618552
1231,ADH957M2NJJ8Z,4,1.617364401484586,-1.3173657793136515
1232,A2MHK6C40Z54TB,4,0.26541726741914484,-1.6480561257710358
1233,A2IMZNPSJGB2HQ,4,3.1850866711207857,-0.9634846798024747
1234,A12DQZKRKTNF5E,3,-5.718152515612012,-2.540082865233931
1235,A17IU5NX3UC84G,3,-2.792256848862689,-2.457016354750741
1236,A1J9HY0AG5676,3,-1.5078573396348538,-2.2686666010143663
1237,A3J7IC7M8ZSXNU,3,-5.769760107429853,-3.265045215504012
1238,AC2S76UKUPIL4,3,-4.3066401307516875,-2.821509159504554
1239,A3MONHA5DCPPLZ,3,-0.9396863346635538,-1.7804910897292174
1240,ASYHYW0USZVN6,4,0.3767130920488875,-1.0247388043806493
1241,A10044ECXDUVKS,3,-2.967091635435972,-0.2569311369614023
1242,A3MLQDXQPVNB2O,4,0.4726347766576279,-1.6368518925260136
1243,A3IS1RBMOOULWI,4,1.706460782318745,-1.4013936283281154
1244,A3EA7KGYC8LB0,0,-4.33022902669148,3.5511273623313775
1245,A2STXHBNXM1B0Z,3,-1.238123442128951,-2.1662218266266877
1246,A3347V0SDFHQBA,0,-3.882367443094296,3.74837534750744
1247,AYQ46BHSK99YV,4,4.801879137191105,-0.7726023966629836
1248,A14B2YH83ZXMPP,4,1.8331562945163697,-1.385969148900636
1249,A2IROAVGAK1G0S,3,-1.9128110758006245,-0.5263584640098007
1250,AYTKUTAP0VA53,4,3.1601160607582264,-1.1927587573803538
1251,A1KMDDMQEXV0HJ,4,1.1242641877495656,-1.4522245886657
1252,A38DCVO9SZHW68,4,1.2024185419816078,0.532888379294113
1253,A2FAF1J19NO0ID,4,0.043164442503679186,-0.992739920507045
1254,A1B3CNORXB1USI,3,-4.177277942214499,-1.4731083074301445
1255,A298INOY52JEH8,4,-0.44385326574852635,-0.8153397792972833
1256,A1TLMSOE1VRDZI,4,1.8359056237664813,-1.3635859100518444
1257,AJ03X8Z6RZZ27,4,1.4624414690668217,0.7648694291488296
1258,A3GEMQFMP0PH48,4,0.2867400802857368,-0.9998859659127838
1259,A1QAT2Y011KWFX,3,-1.0970095086638905,-1.949404896594758
1260,A194BLXLSNY8SE,3,-3.886375472055854,-2.690524803134704
1261,AV8MDYLHHTUOY,4,1.8524339933558078,0.613466048331621
1262,A1LH6RF4UN9VI6,4,0.09482876211743017,-1.2321429225033718
1263,A3SH7VETIJJ7LA,4,1.7522519789401478,-1.3868934003939684
1264,A1K3NQAO49LXL2,4,2.482288640666231,-1.2681567624943901
1265,A1XEX009ZR6WXG,4,-0.08076075124994077,-1.7422047569171795
1266,A3J1M5WTA3ST77,3,-0.6115519161718107,-1.8838447294686798
1267,A2O8BAXJPDSV0M,3,-5.808301490488619,-3.2513600053867155
1268,A54S9CIUV5VNB,3,-5.063146858511299,-3.048464997466115
1269,ASSWUAOO49Z8Q,3,-5.000431514629318,-0.7924853431613541
1270,A2OPSPL8LSSJPC,0,-4.401101076866018,3.0207925519948025
1271,AOZBVGFIUY44X,4,4.982087138294581,-0.5026263724316592
1272,A2T8TWZAWLQWBV,3,-0.7105968534871153,-0.3764355779110042
1273,AW1VA3H8A5N12,3,-1.1244685886484622,2.4905729462434
1274,A3W2VF6D09B2RN,3,-0.9492972726298314,-2.026048276318969
1275,A2FIYNFKZQXGWO,4,2.08133036309515,-1.318945653085717
1276,A2ICKZFBMHCMUK,4,0.3792574973995562,-1.5721727317617258
1277,AWYXB9L41T82S,3,-1.8042554216424087,1.8415344603387707
1278,A1EFXXRDV40C4E,3,-1.1527318013496597,-2.078719908367541
1279,A29J3SX31FB2HN,3,-5.544847349162379,-3.0121814271601353
1280,AZCP5P3BARLS5,4,0.9516459289281093,-1.5984928340671503
1281,A2E5YEDFENFZYC,4,0.6347318674250124,-1.8580164039008624
1282,A1YOLMONF9LIVJ,4,3.215466937654834,-0.5266599406985208
1283,A3DJUUPM321IFI,4,1.6859761706277951,-1.3616084228219938
1284,A2CZIZD0RZ566T,4,1.840077213978621,-1.373383688967238
1285,A9KOC3PXLXYSB,3,-1.7410896445942727,-2.2320564637384996
1286,A1VR0GV8LPJYNF,3,-0.4063025421932208,-1.887455309868755
1287,A2EW01G2LNJN06,3,-2.603068905786035,-2.2854477568699822
1288,A300S5QIIMBQNH,3,-3.015544469966006,0.5368727317932566
1289,A3LBEIXA1JL28I,0,-7.361752288751312,7.029556639533864
1290,A3SU1JZBMQ5ABZ,3,-4.3328916292266335,-2.922839431881545
1291,A3DPGV307X2498,3,-4.3239902614760695,-2.894767742822582
1292,A1BNFL98NKJNYA,4,0.38840822009078574,-1.7184815864503942
1293,AWCJ12KBO5VII,4,2.001408154194232,-1.3824940942967539
1294,A35Z3TBNCQU3VY,3,-5.6900370459671255,-3.134435570665182
1295,A3GOS8Y7DV0E4X,3,-5.761329326089714,-3.115240625068429
1296,A99K7S15XOQ45,3,-5.633551982435727,-3.1349115826740066
1297,A1NGFLLBENI6FG,4,0.3181193433068033,-1.6249648052215542
1298,A2SXC5WGKDRV7H,4,1.7025510061302604,-1.3549200433568103
1299,A2Y2U697SS98E1,3,-1.1187363692011938,-1.4371523822596244
1300,AUQ38SIELJDPU,3,-6.1247994032434985,1.2379948362605835
1301,A1ZXTQA6K1YOJ0,4,1.3001608589036946,0.5419487648569877
1302,A2BGK8HGC28AJI,3,-3.4002648055237783,1.8377076070037406
1303,APN77K8OVE97N,0,-0.8773334775441887,15.051909557633843
1304,A1S0NIJ5PDREYV,3,-4.21623766595527,-2.764766556369203
1305,A1AYYN6YUIDWVG,3,-5.58027296975138,-3.009083622275985
1306,AIRZAEK6LLYQ,3,-2.799999635337439,-2.5010078473992934
1307,A2X3UAK5HLALMJ,0,-6.661079947749371,3.1669023491963815
1308,AL8K7SWTLZ12X,0,-7.092475255840233,9.248138723978766
1309,ACP8IZY0RS49F,4,0.19829390222342094,-1.6996428382904603
1310,A1DZDG9AT98298,4,5.920334375115188,0.9485993651098164
1311,A3GA66OGQOI3EZ,4,0.3158560994490062,-1.6715921072012874
1312,A5JP93NSIK41I,4,-0.005994698057457353,0.3348928909303595
1313,A1P9JI4TR933JX,4,1.3966146101931276,-1.5168334592948127
1314,AJZWAEYCF43WH,4,-0.1862472704987389,-1.865218785841166
1315,A3KIOG0NDTJ32D,3,-1.6048516357725815,0.013967299749005666
1316,A12P4A1OC41KUO,0,-4.0935637079518905,5.765922335683758
1317,AFAK8WG4O8INK,0,-5.386462983712257,4.383734798653539
1318,A3ABAA36CZVYNX,0,-5.228812485660305,3.3450181438317252
1319,AZ9KESC05F6RI,4,0.5006816810318417,0.30888756781622106
1320,A1ZGNCN1VRUO1H,3,-1.7243254473129102,-1.440138221193583
1321,A1ZRXGT8QJXGET,3,-0.6241036551885343,-1.9769457630748037
1322,A1D086N00QVF8Z,3,-2.476847089297869,-2.271884972632899
1323,A1WJBJUQ24G8BU,4,1.5303860191286658,0.13393786893549206
1324,A2RCAS1WJ5Z8VI,4,0.36607982704599873,-1.6003880213636168
1325,A20SQURQ3G1BGY,0,-7.488475147663582,7.7140743699042
1326,AKP6IWJ24C1A5,0,-5.279361514804447,4.156350299121286
1327,A2UGCWC46V7PPG,3,-4.255013664826837,-2.178437297225312
1328,A2SRCVYVHA6G19,3,-0.5468864333419989,-0.6488271079332587
1329,APXEAZI8E8GES,0,-6.943008662407484,5.416489264203882
1330,A8E9VWP5EQH6B,3,-1.0530833964807442,-2.081519180238801
1331,A1AOD8N6LJYHBU,3,-1.4262800391649926,-2.189858917983499
1332,AU3GYRAKBUAEU,3,-1.246990007787991,-2.0152820193036485
1333,A3HKWOC783B7PL,4,-0.21877750294085857,-1.893433345750001
1334,A2X1F0WUJJP0FC,3,-2.581825140793106,-2.373075448612038
1335,AVP5CCREISHVX,0,-5.945612434209609,6.954446022059334
1336,A10VG94SAKVSC0,4,1.540554855322743,-1.4220573055041839
1337,A1H7JRH18L2BXG,3,-1.152892222382442,-1.906158964786064
1338,A29XLZLRNBWBZ8,4,0.14682505397634146,-1.7157107934964457
1339,A1ZT70OIIY7N5M,0,-3.744272373896891,3.204630377294307
1340,A2D8OM8XL872DO,3,-0.7885106391148534,-0.37063491920735087
1341,A2RIXSMGE9VIBG,3,-2.862305939926322,-0.3509643721738832
1342,A1YURS42Z635HR,0,-6.588219742704812,3.3810848652023124
1343,A1WNM3PI4QSUCB,0,-3.6752274020422018,3.741460559779907
1344,A3D38B289R1U21,0,-3.7528792114514764,3.524712514562295
1345,A1Y8BQ5R1SGGVD,3,-5.653558794161365,-3.052829269113155
1346,A2JPRN080WBJ4N,0,-5.831522208236513,3.32759515564408
1347,A3J8U952XAL34Z,3,-4.76046526699878,0.8534547447103568
1348,A1F4FQAW2G9FRA,3,-4.6795691122213485,-2.7843686458433035
1349,AR64CEBJWBICU,3,-4.692906887078147,-2.7887899950421464
1350,A2FFJCRIYMCVCZ,0,-5.18670280829544,3.373754747855092
1351,AMCZ6QJGKH110,3,-1.053849112964233,-2.0490162911721383
1352,A3TRV1IG0M1PHK,3,-1.0757677222306896,-0.7399063044207143
1353,AA8SWH4Y5SN8H,3,-1.4887173204978024,1.0723508059255604
1354,A3KNGMX2RVQG91,3,-1.0820030484161833,-2.0282684559296595
1355,A3N93PUHEMQU34,3,-3.2264032837973664,-2.449847247644157
1356,AJUXP5GEE2VRP,0,-5.272587693813704,8.053369990737455
1357,AU2TEZYYXKLL,4,3.3957173427968077,-1.1136361677462117
1358,A2KWOC600DMC0W,3,-2.1051092650490077,-0.2784139128104128
1359,A9VAK8UG2G5W7,0,-5.93513442654602,3.3550851208150267
1360,A3ARPUKCI6R91Y,3,-4.689871297987753,0.8017667905038689
1361,A1BZHWOFQ9W3BP,3,-1.3517611392860043,-1.9592211990630768
1362,A3SQ2WX9CAJCKZ,3,-1.8479303495677724,-2.161801311172183
1363,AJ0PG46QD33RD,3,-5.58931458765495,-3.014973078247325
1364,A2ZYE710E5YYCW,3,-3.2049402362854615,0.2741622152080236
1365,A3F49ZMUC1GSRP,0,-5.6224360704680505,5.365543625198298
1366,A26U7I13QO5E0C,0,-5.571615778820205,9.649021189793324
1367,AEKID8YBJSV8K,3,-2.5434573005199823,1.1935455987266044
1368,ASWMQ58EJL0RF,0,-7.295416043191646,6.742972513806569
1369,A1ZYSJS573OQ5P,3,-1.245952798965586,0.0644946000360893
1370,A24Z0TLWP8FXGV,0,-5.601163533498073,5.287991836293287
1371,A2Z7KQUGJRKZL9,0,-8.271674829732648,10.625157329832412
1372,AM8M5BAQRIXY5,0,-6.428177847502302,2.639747521354568
1373,AMTQJ1ZZ58BO4,0,-7.135439721448679,5.937354687780474
1374,A19J3XY4IO2OYC,3,-3.157862375684592,1.294860577413189
1375,A3FSC2BQQHFXWT,0,-3.6705375256899737,3.6688189916733376
1376,AQJXACOTDMH03,3,-1.533475252875505,0.6646410601027827
1377,AOEZK60W1DUQZ,3,-3.1249303865502216,0.30553903025978835
1378,AOFLZO8T1IF3B,4,1.7365785588222546,-1.3180044106661648
1379,ACFBLRCKLPR00,3,-0.374126782129981,-1.8709343195480574
1380,A1KF61HK8BM4D2,3,-0.9815442711915483,-2.004905761702767
1381,A1NIX2WA2ZKLV7,3,-3.2613852283373586,-1.7810285634116951
1382,AAHV0LYDMZGY8,0,-2.339854823176314,4.036459073000226
1383,A1803TC7DCT5ZA,3,-5.596164994360672,-2.9100495404839326
1384,AIAH54R6EL4V8,3,-1.022116171587481,-2.0528950255058973
1385,ALEFGB3G2BYG8,3,-5.653351200401712,-3.099714095051575
1386,A3RI2C0RY4DHK,3,-2.739274208296727,-2.4602986752035383
1387,A10B2J2IRQXBWA,3,-5.51079877757531,-2.8764488876656653
1388,A2S3DQ0BL6KSM1,0,-5.149945863762901,3.3176020077833086
1389,ARE879SUUYGVP,4,0.22069819110154565,-1.7399203502037301
1390,AO68X66YOJGQI,3,-1.7287913155319667,0.5302372257849118
1391,A3CUQ8L2S9ZW0H,3,-0.3333118415452065,-1.7418840917963276
1392,A3I23DPVLDXAB2,4,0.23280095620412367,-0.9185536333774067
1393,A24QFMD1RXLJMB,3,-2.4411673981543496,-2.202166919755667
1394,A1YTMYDNMTQXLE,0,-5.2072966394226485,3.5026927133270522
1395,A1RI71C4IQZZGF,0,-1.1990786262707145,6.159198252420468
1396,A18VM3LYCTBV3E,3,-4.797001979852481,1.6356847446587048
1397,A1THTWOPC9UOS4,0,-6.379940300665948,9.041444067739619
1398,A35YS5ND3K5FN,0,-6.136493146868045,1.6856274650366772
1399,A25K93BZ8GX9ZC,4,2.010442480346821,-1.3242058443145084
1400,ACY9QYNDFLVBI,3,-5.390088426258737,-2.7999177159573136
1401,A1T9SCT89JJ96,3,-3.199855698544948,-2.458881126763112
1402,A263G5WS7JFRY1,3,-2.977183088117677,-2.4479870440312745
1403,A3EYCAYIIBDXUF,3,-2.0234556125072136,2.0691308088881377
1404,A1CSB9FS3SLHJO,4,-0.17383077209192754,-1.8861686094871053
1405,A3OA4DV4L81N1D,3,-2.6542492593218365,-1.7314907629752696
1406,AAPQB8YDQ3RRE,4,0.3508926549556664,-1.6555846259798983
1407,A1J7PW0AEAEDP4,4,1.9261689115424576,-1.345203917725506
1408,A1VW19Y79DC0GF,0,-5.5753999438083115,5.2104090175072795
1409,AGX9PFO7K90DJ,3,-2.365691331255215,-2.3919910984163804
1410,A19J1LI2AQ2JB8,3,-0.9181187157492445,-1.9644732270823517
1411,A2Z3IXZ17E88J4,4,-0.3385023088237944,0.9458622050980686
1412,AWBZIK5JYWB5J,3,-1.4895633575728837,-0.04323506326428962
1413,A3KF2K1ZMAZSX4,3,-4.974143108650853,-2.348803957387295
1414,A1VHYBN1NV73LZ,0,-6.651812611287931,7.238153581968186
1415,A1FJBWP2R3NSH4,4,1.0020240987753575,-1.569835630321721
1416,A2Z1BOQPVQK2M4,0,-5.707586543990814,2.6605903953234917
1417,A3G4YMDOTVWP5V,0,-7.061659916357529,4.940144372003889
1418,A3J1EO6778PPTH,3,-1.4802637420694535,-0.12483094355546183
1419,A1JTDD2GQ66AOO,3,-3.019840346407327,-2.365602094412264
1420,A33IMLYIVBG5Z4,3,-3.0751309085947933,-2.5115320919220445
1421,A3NAA6BH9LWIH4,3,-4.037738749707747,-2.695369568592625
1422,A2MFJ6C67AL015,4,6.705057941014692,-0.40564695695083924
1423,A9AETC0WEPZAM,0,-5.58141306453983,5.356495167669333
1424,A3KZEGBTPH6MMF,4,1.2998195186470332,-1.503133274750148
1425,A27EWIL4YBWTA0,4,3.8064617270171657,-1.0895802765518785
1426,A14JBDSWKPKTZA,3,-1.186328718974583,-2.071514294534908
1427,A3HH71P93ZWAMB,0,-5.591353641252137,5.439857348822317
1428,A3A7Y3TSPPZU9T,4,2.160746575999474,-1.2934088276926181
